0.018694,0.017649,0.022562,0.015524,0.026156,0.009311,0.010115,0.027703,0.007306,0.014379,0.040961,0.021518,0.076342,0.089485,0.032854,0.016310,0.017751,0.041511,0.002614,0.095958,0.037558,0.022261,0.099717,0.024355,0.049146,0.018919,0.102481,0.040858
0.018703,0.017659,0.022571,0.015532,0.026163,0.009319,0.010123,0.027708,0.007312,0.014387,0.040963,0.021527,0.076327,0.089459,0.032859,0.016319,0.017760,0.041514,0.002618,0.095927,0.037563,0.022270,0.099680,0.024363,0.049145,0.018929,0.102444,0.040860
0.018694,0.017650,0.022563,0.015524,0.026156,0.009311,0.010116,0.027703,0.007306,0.014379,0.040961,0.021518,0.076341,0.089484,0.032854,0.016311,0.017752,0.041511,0.002614,0.095958,0.037558,0.022261,0.099716,0.024355,0.049146,0.018920,0.102481,0.040858
0.018509,0.017467,0.022382,0.015359,0.026006,0.009160,0.009962,0.027597,0.007177,0.014212,0.040900,0.021327,0.076686,0.090027,0.032742,0.016133,0.017582,0.041454,0.002542,0.096620,0.037461,0.022077,0.100460,0.024189,0.049149,0.018729,0.103285,0.040806
0.018703,0.017659,0.022571,0.015532,0.026163,0.009319,0.010123,0.027708,0.007312,0.014387,0.040963,0.021527,0.076327,0.089459,0.032859,0.016319,0.017760,0.041514,0.002618,0.095927,0.037563,0.022270,0.099680,0.024363,0.049145,0.018929,0.102444,0.040860
0.018703,0.017659,0.022571,0.015532,0.026163,0.009319,0.010123,0.027708,0.007312,0.014387,0.040963,0.021527,0.076327,0.089459,0.032859,0.016319,0.017760,0.041514,0.002618,0.095927,0.037563,0.022270,0.099680,0.024363,0.049145,0.018929,0.102444,0.040860
0.018697,0.017652,0.022565,0.015527,0.026158,0.009313,0.010118,0.027704,0.007308,0.014381,0.040960,0.021520,0.076338,0.089478,0.032854,0.016313,0.017754,0.041512,0.002615,0.095950,0.037560,0.022263,0.099705,0.024357,0.049146,0.018922,0.102471,0.040858
0.018697,0.017653,0.022565,0.015527,0.026158,0.009314,0.010118,0.027705,0.007308,0.014382,0.040962,0.021521,0.076338,0.089476,0.032855,0.016314,0.017754,0.041513,0.002615,0.095946,0.037560,0.022264,0.099705,0.024357,0.049145,0.018923,0.102469,0.040858
0.018426,0.017384,0.022292,0.015284,0.025927,0.009094,0.009896,0.027535,0.007118,0.014127,0.040852,0.021234,0.076865,0.090292,0.032670,0.016054,0.017499,0.041430,0.002508,0.096957,0.037433,0.021991,0.100797,0.024112,0.049151,0.018643,0.103660,0.040769
0.018324,0.017289,0.022191,0.015188,0.025845,0.009012,0.009807,0.027465,0.007045,0.014033,0.040818,0.021128,0.077075,0.090606,0.032609,0.015957,0.017403,0.041399,0.002468,0.097320,0.037371,0.021884,0.101216,0.024016,0.049129,0.018538,0.104124,0.040740
0.018703,0.017659,0.022571,0.015532,0.026163,0.009319,0.010123,0.027708,0.007312,0.014387,0.040963,0.021527,0.076327,0.089459,0.032859,0.016319,0.017760,0.041514,0.002618,0.095927,0.037563,0.022270,0.099680,0.024363,0.049145,0.018929,0.102444,0.040860
0.018665,0.017619,0.022534,0.015498,0.026132,0.009287,0.010092,0.027685,0.007286,0.014352,0.040949,0.021487,0.076396,0.089574,0.032834,0.016282,0.017724,0.041501,0.002602,0.096071,0.037543,0.022230,0.099831,0.024328,0.049151,0.018890,0.102609,0.040849
0.018648,0.017603,0.022519,0.015483,0.026118,0.009274,0.010078,0.027676,0.007274,0.014338,0.040945,0.021471,0.076426,0.089621,0.032825,0.016266,0.017709,0.041496,0.002596,0.096128,0.037533,0.022214,0.099898,0.024313,0.049151,0.018873,0.102680,0.040844
0.018696,0.017652,0.022564,0.015525,0.026157,0.009313,0.010116,0.027703,0.007307,0.014381,0.040961,0.021520,0.076341,0.089481,0.032855,0.016312,0.017753,0.041512,0.002615,0.095952,0.037558,0.022262,0.099710,0.024356,0.049144,0.018921,0.102475,0.040858
0.018697,0.017653,0.022565,0.015527,0.026158,0.009314,0.010118,0.027705,0.007308,0.014382,0.040962,0.021521,0.076338,0.089476,0.032855,0.016314,0.017754,0.041513,0.002615,0.095946,0.037560,0.022264,0.099705,0.024357,0.049145,0.018923,0.102469,0.040858
0.018555,0.017510,0.022427,0.015400,0.026040,0.009198,0.010002,0.027619,0.007210,0.014251,0.040908,0.021372,0.076603,0.089901,0.032762,0.016177,0.017620,0.041469,0.002559,0.096474,0.037490,0.022120,0.100271,0.024227,0.049157,0.018777,0.103084,0.040814
0.018486,0.017441,0.022358,0.015339,0.025984,0.009141,0.009946,0.027585,0.007162,0.014189,0.040887,0.021302,0.076727,0.090094,0.032722,0.016111,0.017559,0.041447,0.002533,0.096714,0.037456,0.022056,0.100553,0.024168,0.049160,0.018705,0.103380,0.040795
0.018630,0.017585,0.022500,0.015468,0.026103,0.009259,0.010064,0.027668,0.007262,0.014321,0.040939,0.021452,0.076458,0.089668,0.032814,0.016249,0.017694,0.041491,0.002589,0.096190,0.037527,0.022199,0.099971,0.024299,0.049152,0.018854,0.102755,0.040839
0.018703,0.017659,0.022571,0.015532,0.026163,0.009319,0.010123,0.027708,0.007312,0.014387,0.040963,0.021527,0.076327,0.089459,0.032859,0.016319,0.017760,0.041514,0.002618,0.095927,0.037563,0.022270,0.099680,0.024363,0.049145,0.018929,0.102444,0.040860
0.018690,0.017646,0.022558,0.015521,0.026153,0.009308,0.010112,0.027701,0.007303,0.014376,0.040959,0.021514,0.076349,0.089496,0.032851,0.016307,0.017748,0.041510,0.002613,0.095972,0.037556,0.022257,0.099733,0.024351,0.049146,0.018915,0.102499,0.040856
0.018669,0.017625,0.022538,0.015502,0.026136,0.009291,0.010094,0.027686,0.007288,0.014356,0.040951,0.021492,0.076392,0.089562,0.032838,0.016286,0.017728,0.041502,0.002604,0.096053,0.037543,0.022234,0.099814,0.024332,0.049145,0.018894,0.102594,0.040851
0.018685,0.017640,0.022553,0.015516,0.026148,0.009303,0.010108,0.027698,0.007299,0.014371,0.040957,0.021508,0.076360,0.089513,0.032847,0.016301,0.017743,0.041508,0.002610,0.095994,0.037553,0.022251,0.099754,0.024346,0.049147,0.018910,0.102523,0.040855
0.018703,0.017659,0.022571,0.015532,0.026163,0.009319,0.010123,0.027708,0.007312,0.014387,0.040963,0.021527,0.076327,0.089459,0.032859,0.016319,0.017760,0.041514,0.002618,0.095927,0.037563,0.022270,0.099680,0.024363,0.049145,0.018929,0.102444,0.040860
0.018651,0.017606,0.022522,0.015487,0.026121,0.009277,0.010081,0.027678,0.007277,0.014341,0.040944,0.021474,0.076419,0.089611,0.032826,0.016269,0.017712,0.041496,0.002597,0.096120,0.037536,0.022217,0.099881,0.024317,0.049153,0.018876,0.102665,0.040846
0.018703,0.017659,0.022571,0.015532,0.026163,0.009319,0.010123,0.027708,0.007312,0.014387,0.040963,0.021527,0.076327,0.089459,0.032859,0.016319,0.017760,0.041514,0.002618,0.095927,0.037563,0.022270,0.099680,0.024363,0.049145,0.018929,0.102444,0.040860
0.018696,0.017652,0.022564,0.015526,0.026158,0.009313,0.010117,0.027704,0.007307,0.014381,0.040961,0.021520,0.076338,0.089479,0.032855,0.016313,0.017753,0.041512,0.002615,0.095950,0.037559,0.022263,0.099707,0.024357,0.049146,0.018922,0.102472,0.040858
0.018694,0.017649,0.022562,0.015524,0.026156,0.009311,0.010115,0.027703,0.007306,0.014379,0.040961,0.021518,0.076342,0.089485,0.032854,0.016310,0.017751,0.041511,0.002614,0.095958,0.037558,0.022261,0.099717,0.024355,0.049146,0.018919,0.102481,0.040858
0.018611,0.017566,0.022482,0.015452,0.026088,0.009244,0.010048,0.027656,0.007249,0.014305,0.040931,0.021433,0.076492,0.089726,0.032802,0.016230,0.017676,0.041483,0.002582,0.096263,0.037514,0.022178,0.100042,0.024282,0.049155,0.018835,0.102839,0.040835
0.018692,0.017648,0.022561,0.015522,0.026154,0.009310,0.010114,0.027701,0.007305,0.014377,0.040959,0.021516,0.076347,0.089491,0.032852,0.016309,0.017750,0.041511,0.002613,0.095965,0.037557,0.022259,0.099723,0.024353,0.049145,0.018918,0.102489,0.040857
0.018623,0.017579,0.022491,0.015461,0.026096,0.009253,0.010058,0.027659,0.007256,0.014312,0.040931,0.021442,0.076479,0.089701,0.032803,0.016243,0.017684,0.041491,0.002586,0.096223,0.037528,0.022189,0.100000,0.024289,0.049152,0.018847,0.102791,0.040835
0.018682,0.017638,0.022550,0.015514,0.026146,0.009301,0.010106,0.027695,0.007297,0.014368,0.040955,0.021505,0.076366,0.089522,0.032845,0.016299,0.017740,0.041507,0.002609,0.096004,0.037552,0.022248,0.099764,0.024344,0.049147,0.018907,0.102535,0.040854
0.018633,0.017589,0.022501,0.015469,0.026104,0.009262,0.010066,0.027663,0.007263,0.014321,0.040934,0.021453,0.076462,0.089672,0.032810,0.016253,0.017693,0.041494,0.002590,0.096189,0.037532,0.022199,0.099958,0.024298,0.049150,0.018858,0.102748,0.040837
0.018703,0.017658,0.022571,0.015532,0.026163,0.009318,0.010122,0.027707,0.007312,0.014387,0.040963,0.021527,0.076327,0.089460,0.032859,0.016319,0.017759,0.041514,0.002618,0.095928,0.037562,0.022269,0.099682,0.024362,0.049145,0.018928,0.102445,0.040860
0.018703,0.017659,0.022571,0.015532,0.026163,0.009319,0.010123,0.027708,0.007312,0.014387,0.040963,0.021527,0.076327,0.089459,0.032859,0.016319,0.017760,0.041514,0.002618,0.095927,0.037563,0.022270,0.099680,0.024363,0.049145,0.018929,0.102444,0.040860
0.018703,0.017659,0.022571,0.015532,0.026163,0.009319,0.010123,0.027708,0.007312,0.014387,0.040963,0.021527,0.076327,0.089459,0.032859,0.016319,0.017760,0.041514,0.002618,0.095927,0.037563,0.022270,0.099680,0.024363,0.049145,0.018929,0.102444,0.040860
0.018482,0.017438,0.022360,0.015333,0.025985,0.009138,0.009940,0.027582,0.007159,0.014189,0.040893,0.021299,0.076732,0.090111,0.032728,0.016106,0.017554,0.041446,0.002531,0.096720,0.037443,0.022047,0.100571,0.024159,0.049155,0.018701,0.103402,0.040799
0.018703,0.017659,0.022571,0.015532,0.026163,0.009319,0.010123,0.027708,0.007312,0.014387,0.040963,0.021527,0.076327,0.089459,0.032859,0.016319,0.017760,0.041514,0.002618,0.095927,0.037563,0.022270,0.099680,0.024363,0.049145,0.018929,0.102444,0.040860
0.018694,0.017650,0.022563,0.015524,0.026156,0.009311,0.010116,0.027703,0.007306,0.014379,0.040961,0.021518,0.076341,0.089484,0.032854,0.016311,0.017752,0.041511,0.002614,0.095958,0.037558,0.022261,0.099716,0.024355,0.049146,0.018920,0.102481,0.040858
0.018702,0.017658,0.022570,0.015531,0.026162,0.009318,0.010122,0.027707,0.007311,0.014386,0.040963,0.021526,0.076329,0.089462,0.032858,0.016318,0.017759,0.041514,0.002617,0.095930,0.037562,0.022269,0.099684,0.024362,0.049145,0.018928,0.102448,0.040860
0.018702,0.017658,0.022570,0.015531,0.026162,0.009318,0.010122,0.027707,0.007311,0.014386,0.040963,0.021526,0.076328,0.089462,0.032858,0.016318,0.017759,0.041514,0.002617,0.095930,0.037562,0.022269,0.099685,0.024362,0.049145,0.018928,0.102448,0.040859
0.018373,0.017328,0.022246,0.015236,0.025888,0.009049,0.009851,0.027513,0.007083,0.014084,0.040845,0.021183,0.076946,0.090437,0.032649,0.016001,0.017452,0.041410,0.002488,0.097140,0.037393,0.021939,0.101014,0.024063,0.049159,0.018587,0.103886,0.040759
0.018624,0.017580,0.022492,0.015462,0.026097,0.009254,0.010059,0.027661,0.007257,0.014314,0.040932,0.021443,0.076475,0.089694,0.032805,0.016244,0.017686,0.041492,0.002586,0.096214,0.037529,0.022192,0.099996,0.024291,0.049152,0.018848,0.102784,0.040835
0.018588,0.017543,0.022460,0.015430,0.026069,0.009224,0.010029,0.027643,0.007233,0.014283,0.040925,0.021409,0.076536,0.089795,0.032788,0.016208,0.017654,0.041478,0.002572,0.096343,0.037503,0.022155,0.100140,0.024259,0.049154,0.018810,0.102939,0.040828
0.018701,0.017657,0.022569,0.015530,0.026162,0.009317,0.010121,0.027707,0.007311,0.014386,0.040963,0.021525,0.076330,0.089464,0.032858,0.016318,0.017758,0.041514,0.002617,0.095932,0.037562,0.022268,0.099687,0.024361,0.049145,0.018927,0.102451,0.040859
0.018703,0.017659,0.022571,0.015532,0.026163,0.009319,0.010123,0.027708,0.007312,0.014387,0.040963,0.021527,0.076327,0.089459,0.032859,0.016319,0.017760,0.041514,0.002618,0.095927,0.037563,0.022270,0.099680,0.024363,0.049145,0.018929,0.102444,0.040860
0.018703,0.017659,0.022571,0.015532,0.026163,0.009319,0.010123,0.027708,0.007312,0.014387,0.040963,0.021527,0.076327,0.089459,0.032859,0.016319,0.017760,0.041514,0.002618,0.095927,0.037563,0.022270,0.099680,0.024363,0.049145,0.018929,0.102444,0.040860
0.018684,0.017640,0.022553,0.015515,0.026148,0.009303,0.010107,0.027696,0.007299,0.014370,0.040956,0.021507,0.076362,0.089516,0.032847,0.016301,0.017742,0.041508,0.002610,0.095995,0.037553,0.022250,0.099755,0.024345,0.049146,0.018910,0.102526,0.040855
0.018677,0.017632,0.022545,0.015509,0.026142,0.009297,0.010102,0.027694,0.007294,0.014363,0.040954,0.021499,0.076373,0.089536,0.032842,0.016294,0.017735,0.041506,0.002607,0.096021,0.037551,0.022244,0.099785,0.024339,0.049149,0.018902,0.102556,0.040853
0.018693,0.017649,0.022561,0.015523,0.026154,0.009310,0.010114,0.027701,0.007305,0.014378,0.040959,0.021516,0.076347,0.089490,0.032852,0.016309,0.017750,0.041511,0.002614,0.095964,0.037558,0.022259,0.099722,0.024354,0.049145,0.018918,0.102488,0.040856
0.018703,0.017659,0.022571,0.015532,0.026163,0.009319,0.010123,0.027708,0.007312,0.014387,0.040963,0.021527,0.076327,0.089459,0.032859,0.016319,0.017760,0.041514,0.002618,0.095927,0.037563,0.022270,0.099680,0.024363,0.049145,0.018929,0.102444,0.040860
0.018620,0.017576,0.022488,0.015458,0.026093,0.009251,0.010055,0.027657,0.007254,0.014309,0.040929,0.021439,0.076486,0.089710,0.032801,0.016240,0.017681,0.041490,0.002584,0.096235,0.037526,0.022186,0.100013,0.024287,0.049151,0.018843,0.102805,0.040834
0.018697,0.017653,0.022565,0.015527,0.026158,0.009314,0.010118,0.027705,0.007308,0.014382,0.040962,0.021521,0.076338,0.089476,0.032855,0.016314,0.017754,0.041513,0.002615,0.095946,0.037560,0.022264,0.099705,0.024357,0.049145,0.018923,0.102469,0.040858
0.018703,0.017659,0.022571,0.015532,0.026163,0.009319,0.010123,0.027708,0.007312,0.014387,0.040963,0.021527,0.076327,0.089459,0.032859,0.016319,0.017760,0.041514,0.002618,0.095927,0.037563,0.022270,0.099680,0.024363,0.049145,0.018929,0.102444,0.040860
0.018699,0.017655,0.022567,0.015528,0.026160,0.009315,0.010119,0.027705,0.007309,0.014383,0.040961,0.021523,0.076335,0.089472,0.032856,0.016315,0.017756,0.041513,0.002616,0.095942,0.037561,0.022265,0.099697,0.024359,0.049145,0.018924,0.102462,0.040858
0.018702,0.017657,0.022569,0.015531,0.026162,0.009317,0.010122,0.027707,0.007311,0.014386,0.040963,0.021526,0.076329,0.089463,0.032858,0.016318,0.017758,0.041514,0.002617,0.095931,0.037562,0.022268,0.099686,0.024362,0.049145,0.018927,0.102450,0.040859
0.018679,0.017635,0.022548,0.015510,0.026143,0.009299,0.010102,0.027694,0.007295,0.014365,0.040955,0.021502,0.076372,0.089530,0.032844,0.016296,0.017737,0.041506,0.002608,0.096015,0.037549,0.022245,0.099777,0.024341,0.049146,0.018904,0.102548,0.040853
0.018702,0.017658,0.022570,0.015531,0.026163,0.009318,0.010122,0.027707,0.007311,0.014386,0.040963,0.021526,0.076328,0.089462,0.032858,0.016318,0.017759,0.041514,0.002617,0.095929,0.037562,0.022269,0.099684,0.024362,0.049145,0.018928,0.102447,0.040860
0.018694,0.017649,0.022562,0.015524,0.026156,0.009311,0.010115,0.027703,0.007306,0.014379,0.040961,0.021518,0.076342,0.089485,0.032854,0.016310,0.017751,0.041511,0.002614,0.095958,0.037558,0.022261,0.099717,0.024355,0.049146,0.018919,0.102481,0.040858
0.018694,0.017649,0.022562,0.015524,0.026156,0.009311,0.010115,0.027703,0.007306,0.014379,0.040961,0.021518,0.076342,0.089485,0.032854,0.016310,0.017751,0.041511,0.002614,0.095958,0.037558,0.022261,0.099717,0.024355,0.049146,0.018919,0.102481,0.040858
0.018700,0.017656,0.022568,0.015529,0.026161,0.009316,0.010120,0.027706,0.007310,0.014384,0.040962,0.021524,0.076332,0.089468,0.032857,0.016316,0.017757,0.041513,0.002616,0.095938,0.037561,0.022267,0.099693,0.024360,0.049145,0.018926,0.102457,0.040859
0.018703,0.017659,0.022571,0.015532,0.026163,0.009319,0.010123,0.027708,0.007312,0.014387,0.040963,0.021527,0.076327,0.089459,0.032859,0.016319,0.017760,0.041514,0.002618,0.095927,0.037563,0.022270,0.099680,0.024363,0.049145,0.018929,0.102444,0.040860
0.018697,0.017653,0.022565,0.015527,0.026158,0.009314,0.010118,0.027705,0.007308,0.014382,0.040962,0.021521,0.076338,0.089476,0.032855,0.016314,0.017754,0.041513,0.002615,0.095946,0.037560,0.022264,0.099705,0.024357,0.049145,0.018923,0.102469,0.040858
0.018678,0.017633,0.022548,0.015509,0.026143,0.009298,0.010102,0.027693,0.007295,0.014365,0.040955,0.021501,0.076372,0.089533,0.032844,0.016295,0.017736,0.041506,0.002608,0.096020,0.037548,0.022244,0.099780,0.024340,0.049147,0.018903,0.102551,0.040852
0.018694,0.017650,0.022563,0.015524,0.026156,0.009311,0.010116,0.027703,0.007306,0.014379,0.040961,0.021518,0.076341,0.089484,0.032854,0.016311,0.017752,0.041511,0.002614,0.095958,0.037558,0.022261,0.099716,0.024355,0.049146,0.018920,0.102481,0.040858
0.018696,0.017652,0.022564,0.015526,0.026158,0.009313,0.010117,0.027704,0.007307,0.014381,0.040961,0.021520,0.076338,0.089479,0.032855,0.016313,0.017753,0.041512,0.002615,0.095950,0.037559,0.022263,0.099707,0.024357,0.049146,0.018922,0.102472,0.040858
0.018702,0.017658,0.022570,0.015531,0.026162,0.009318,0.010122,0.027707,0.007311,0.014386,0.040963,0.021526,0.076329,0.089462,0.032858,0.016318,0.017759,0.041514,0.002617,0.095930,0.037562,0.022269,0.099684,0.024362,0.049145,0.018928,0.102448,0.040860
0.018702,0.017657,0.022569,0.015531,0.026162,0.009318,0.010121,0.027707,0.007311,0.014386,0.040963,0.021526,0.076330,0.089464,0.032858,0.016318,0.017758,0.041514,0.002617,0.095932,0.037562,0.022268,0.099686,0.024362,0.049145,0.018927,0.102450,0.040859
0.018702,0.017658,0.022570,0.015531,0.026162,0.009318,0.010122,0.027707,0.007311,0.014386,0.040963,0.021526,0.076328,0.089462,0.032858,0.016318,0.017759,0.041514,0.002617,0.095930,0.037562,0.022269,0.099684,0.024362,0.049145,0.018928,0.102447,0.040859
0.018702,0.017658,0.022570,0.015531,0.026162,0.009318,0.010122,0.027707,0.007311,0.014386,0.040963,0.021526,0.076329,0.089462,0.032858,0.016318,0.017759,0.041514,0.002617,0.095930,0.037562,0.022269,0.099684,0.024362,0.049145,0.018928,0.102448,0.040860
0.018589,0.017544,0.022461,0.015431,0.026070,0.009225,0.010029,0.027644,0.007233,0.014284,0.040925,0.021410,0.076534,0.089792,0.032789,0.016209,0.017655,0.041478,0.002573,0.096339,0.037504,0.022156,0.100136,0.024260,0.049154,0.018811,0.102935,0.040828
0.018703,0.017659,0.022571,0.015532,0.026163,0.009319,0.010123,0.027707,0.007312,0.014387,0.040963,0.021527,0.076327,0.089460,0.032859,0.016319,0.017759,0.041514,0.002618,0.095927,0.037562,0.022270,0.099681,0.024363,0.049145,0.018929,0.102444,0.040860
0.018693,0.017648,0.022561,0.015523,0.026155,0.009310,0.010114,0.027701,0.007305,0.014378,0.040960,0.021516,0.076346,0.089490,0.032852,0.016309,0.017750,0.041511,0.002614,0.095965,0.037557,0.022259,0.099721,0.024353,0.049146,0.018918,0.102488,0.040857
0.018693,0.017648,0.022561,0.015523,0.026154,0.009310,0.010114,0.027702,0.007305,0.014378,0.040959,0.021516,0.076346,0.089490,0.032852,0.016309,0.017750,0.041511,0.002614,0.095965,0.037558,0.022259,0.099722,0.024354,0.049146,0.018918,0.102488,0.040857
0.018703,0.017659,0.022571,0.015532,0.026163,0.009319,0.010123,0.027708,0.007312,0.014387,0.040963,0.021527,0.076327,0.089459,0.032859,0.016319,0.017760,0.041514,0.002618,0.095927,0.037563,0.022270,0.099680,0.024363,0.049145,0.018929,0.102444,0.040860
0.018697,0.017653,0.022565,0.015527,0.026158,0.009314,0.010118,0.027705,0.007308,0.014382,0.040962,0.021521,0.076338,0.089476,0.032855,0.016314,0.017754,0.041513,0.002615,0.095946,0.037560,0.022264,0.099705,0.024357,0.049145,0.018923,0.102469,0.040858
0.018698,0.017654,0.022566,0.015527,0.026159,0.009315,0.010119,0.027704,0.007308,0.014382,0.040961,0.021522,0.076337,0.089475,0.032855,0.016315,0.017755,0.041513,0.002616,0.095945,0.037561,0.022265,0.099700,0.024358,0.049144,0.018924,0.102465,0.040858
0.018699,0.017655,0.022567,0.015528,0.026160,0.009315,0.010119,0.027705,0.007309,0.014383,0.040962,0.021523,0.076335,0.089472,0.032856,0.016315,0.017756,0.041513,0.002616,0.095942,0.037560,0.022265,0.099698,0.024359,0.049145,0.018924,0.102462,0.040858
0.018697,0.017652,0.022565,0.015527,0.026158,0.009313,0.010118,0.027704,0.007308,0.014381,0.040960,0.021520,0.076338,0.089478,0.032854,0.016313,0.017754,0.041512,0.002615,0.095950,0.037560,0.022263,0.099705,0.024357,0.049146,0.018922,0.102471,0.040858
0.018378,0.017334,0.022254,0.015241,0.025895,0.009054,0.009857,0.027516,0.007087,0.014090,0.040847,0.021188,0.076933,0.090426,0.032652,0.016008,0.017456,0.041415,0.002490,0.097110,0.037399,0.021943,0.100988,0.024064,0.049161,0.018595,0.103856,0.040762
0.018426,0.017384,0.022292,0.015284,0.025927,0.009094,0.009896,0.027535,0.007118,0.014127,0.040852,0.021234,0.076865,0.090292,0.032670,0.016054,0.017499,0.041430,0.002508,0.096957,0.037433,0.021991,0.100797,0.024112,0.049151,0.018643,0.103660,0.040769
0.018703,0.017659,0.022571,0.015532,0.026163,0.009319,0.010123,0.027708,0.007312,0.014387,0.040963,0.021527,0.076327,0.089459,0.032859,0.016319,0.017760,0.041514,0.002618,0.095927,0.037563,0.022270,0.099680,0.024363,0.049145,0.018929,0.102444,0.040860
0.018695,0.017651,0.022563,0.015525,0.026157,0.009312,0.010116,0.027704,0.007306,0.014380,0.040961,0.021519,0.076340,0.089483,0.032854,0.016312,0.017752,0.041512,0.002615,0.095953,0.037559,0.022262,0.099713,0.024355,0.049146,0.018920,0.102477,0.040858
0.018699,0.017655,0.022567,0.015529,0.026160,0.009315,0.010120,0.027706,0.007309,0.014384,0.040962,0.021523,0.076333,0.089470,0.032857,0.016316,0.017756,0.041513,0.002616,0.095939,0.037561,0.022266,0.099696,0.024359,0.049146,0.018925,0.102459,0.040859
0.018689,0.017645,0.022558,0.015520,0.026152,0.009308,0.010112,0.027701,0.007303,0.014375,0.040959,0.021513,0.076350,0.089498,0.032850,0.016306,0.017747,0.041510,0.002612,0.095975,0.037556,0.022257,0.099734,0.024351,0.049147,0.018915,0.102501,0.040856
0.018471,0.017427,0.022346,0.015327,0.025974,0.009129,0.009933,0.027580,0.007152,0.014179,0.040888,0.021289,0.076747,0.090132,0.032718,0.016096,0.017548,0.041441,0.002527,0.096759,0.037442,0.022041,0.100611,0.024155,0.049159,0.018689,0.103443,0.040795
0.018659,0.017616,0.022530,0.015494,0.026129,0.009283,0.010087,0.027684,0.007282,0.014349,0.040950,0.021483,0.076404,0.089587,0.032833,0.016278,0.017720,0.041501,0.002601,0.096079,0.037539,0.022226,0.099853,0.024323,0.049148,0.018884,0.102630,0.040850
0.018662,0.017618,0.022532,0.015496,0.026131,0.009285,0.010089,0.027685,0.007284,0.014351,0.040951,0.021485,0.076400,0.089579,0.032835,0.016280,0.017722,0.041502,0.002602,0.096070,0.037541,0.022229,0.099843,0.024325,0.049148,0.018887,0.102619,0.040850
0.018703,0.017659,0.022571,0.015532,0.026163,0.009319,0.010123,0.027708,0.007312,0.014387,0.040963,0.021527,0.076327,0.089459,0.032859,0.016319,0.017760,0.041514,0.002618,0.095927,0.037563,0.022270,0.099680,0.024363,0.049145,0.018929,0.102444,0.040860
0.018697,0.017653,0.022565,0.015527,0.026158,0.009314,0.010118,0.027705,0.007308,0.014382,0.040962,0.021521,0.076338,0.089476,0.032855,0.016314,0.017754,0.041513,0.002615,0.095946,0.037560,0.022264,0.099705,0.024357,0.049145,0.018923,0.102469,0.040858
0.018685,0.017640,0.022554,0.015516,0.026149,0.009304,0.010108,0.027699,0.007300,0.014371,0.040957,0.021509,0.076357,0.089511,0.032848,0.016302,0.017743,0.041508,0.002611,0.095990,0.037554,0.022252,0.099751,0.024347,0.049148,0.018910,0.102519,0.040855
0.018703,0.017659,0.022571,0.015532,0.026163,0.009319,0.010123,0.027708,0.007312,0.014387,0.040963,0.021527,0.076327,0.089459,0.032859,0.016319,0.017760,0.041514,0.002618,0.095927,0.037563,0.022270,0.099680,0.024363,0.049145,0.018929,0.102444,0.040860
0.018686,0.017641,0.022554,0.015518,0.026149,0.009305,0.010109,0.027699,0.007301,0.014372,0.040957,0.021510,0.076356,0.089507,0.032848,0.016303,0.017745,0.041509,0.002611,0.095988,0.037555,0.022254,0.099747,0.024348,0.049148,0.018911,0.102515,0.040855
0.018703,0.017659,0.022571,0.015532,0.026163,0.009319,0.010123,0.027708,0.007312,0.014387,0.040963,0.021527,0.076327,0.089459,0.032859,0.016319,0.017760,0.041514,0.002618,0.095927,0.037563,0.022270,0.099680,0.024363,0.049145,0.018929,0.102444,0.040860
0.018685,0.017640,0.022554,0.015516,0.026149,0.009304,0.010108,0.027699,0.007300,0.014371,0.040957,0.021509,0.076357,0.089511,0.032848,0.016302,0.017743,0.041508,0.002611,0.095990,0.037554,0.022252,0.099751,0.024347,0.049148,0.018910,0.102519,0.040855
0.018694,0.017649,0.022562,0.015524,0.026156,0.009311,0.010115,0.027703,0.007306,0.014379,0.040961,0.021518,0.076342,0.089485,0.032854,0.016310,0.017751,0.041511,0.002614,0.095958,0.037558,0.022261,0.099717,0.024355,0.049146,0.018919,0.102481,0.040858
0.018567,0.017524,0.022435,0.015411,0.026048,0.009208,0.010012,0.027622,0.007217,0.014260,0.040907,0.021383,0.076590,0.089871,0.032765,0.016190,0.017631,0.041474,0.002563,0.096432,0.037501,0.022132,0.100223,0.024239,0.049152,0.018790,0.103038,0.040817
0.018693,0.017649,0.022561,0.015523,0.026155,0.009310,0.010114,0.027702,0.007305,0.014378,0.040959,0.021517,0.076345,0.089489,0.032852,0.016310,0.017750,0.041511,0.002614,0.095963,0.037558,0.022260,0.099721,0.024354,0.049146,0.018918,0.102487,0.040857
0.018656,0.017612,0.022527,0.015491,0.026127,0.009280,0.010084,0.027682,0.007280,0.014346,0.040949,0.021479,0.076410,0.089596,0.032832,0.016275,0.017717,0.041500,0.002599,0.096090,0.037537,0.022223,0.099865,0.024320,0.049148,0.018881,0.102643,0.040849
0.018655,0.017611,0.022526,0.015489,0.026125,0.009279,0.010083,0.027681,0.007279,0.014345,0.040948,0.021478,0.076413,0.089600,0.032831,0.016273,0.017715,0.041500,0.002599,0.096096,0.037537,0.022221,0.099871,0.024319,0.049148,0.018880,0.102649,0.040848
0.018660,0.017617,0.022531,0.015494,0.026130,0.009284,0.010088,0.027684,0.007283,0.014350,0.040950,0.021484,0.076403,0.089584,0.032834,0.016279,0.017721,0.041501,0.002601,0.096075,0.037540,0.022227,0.099848,0.024324,0.049148,0.018886,0.102625,0.040850
0.018694,0.017650,0.022563,0.015524,0.026156,0.009311,0.010116,0.027703,0.007306,0.014379,0.040961,0.021518,0.076341,0.089484,0.032854,0.016311,0.017752,0.041511,0.002614,0.095958,0.037558,0.022261,0.099716,0.024355,0.049146,0.018920,0.102481,0.040858
0.018694,0.017650,0.022562,0.015524,0.026156,0.009312,0.010115,0.027702,0.007306,0.014379,0.040960,0.021518,0.076344,0.089486,0.032853,0.016311,0.017751,0.041511,0.002614,0.095960,0.037558,0.022261,0.099715,0.024355,0.049145,0.018920,0.102482,0.040857
0.018701,0.017657,0.022569,0.015530,0.026161,0.009317,0.010121,0.027706,0.007311,0.014385,0.040962,0.021525,0.076331,0.089466,0.032857,0.016317,0.017758,0.041513,0.002617,0.095934,0.037562,0.022268,0.099689,0.024361,0.049145,0.018927,0.102453,0.040859
0.018703,0.017658,0.022571,0.015532,0.026163,0.009318,0.010122,0.027707,0.007312,0.014387,0.040963,0.021527,0.076327,0.089461,0.032859,0.016319,0.017759,0.041514,0.002618,0.095928,0.037562,0.022269,0.099682,0.024362,0.049145,0.018928,0.102445,0.040860
0.018703,0.017659,0.022571,0.015532,0.026163,0.009319,0.010123,0.027708,0.007312,0.014387,0.040963,0.021527,0.076327,0.089459,0.032859,0.016319,0.017760,0.041514,0.002618,0.095927,0.037563,0.022270,0.099680,0.024363,0.049145,0.018929,0.102444,0.040860
0.018694,0.017650,0.022563,0.015524,0.026156,0.009311,0.010115,0.027703,0.007306,0.014379,0.040961,0.021518,0.076342,0.089485,0.032854,0.016311,0.017752,0.041511,0.002614,0.095958,0.037558,0.022261,0.099716,0.024355,0.049146,0.018920,0.102481,0.040858
0.018700,0.017655,0.022567,0.015529,0.026160,0.009316,0.010120,0.027706,0.007310,0.014384,0.040962,0.021523,0.076333,0.089469,0.032857,0.016316,0.017756,0.041513,0.002616,0.095939,0.037561,0.022266,0.099695,0.024360,0.049145,0.018925,0.102458,0.040859
0.018703,0.017659,0.022571,0.015532,0.026163,0.009318,0.010122,0.027707,0.007312,0.014387,0.040963,0.021527,0.076327,0.089460,0.032859,0.016319,0.017759,0.041514,0.002618,0.095927,0.037562,0.022269,0.099681,0.024363,0.049145,0.018929,0.102445,0.040860
0.018699,0.017655,0.022567,0.015529,0.026160,0.009316,0.010120,0.027705,0.007309,0.014384,0.040962,0.021523,0.076334,0.089470,0.032856,0.016316,0.017756,0.041513,0.002616,0.095940,0.037561,0.022266,0.099695,0.024360,0.049145,0.018925,0.102460,0.040859
0.018703,0.017659,0.022571,0.015532,0.026163,0.009319,0.010123,0.027708,0.007312,0.014387,0.040963,0.021527,0.076327,0.089459,0.032859,0.016319,0.017760,0.041514,0.002618,0.095927,0.037563,0.022270,0.099680,0.024363,0.049145,0.018929,0.102444,0.040860
0.018703,0.017659,0.022571,0.015532,0.026163,0.009319,0.010123,0.027708,0.007312,0.014387,0.040963,0.021527,0.076327,0.089459,0.032859,0.016319,0.017760,0.041514,0.002618,0.095927,0.037563,0.022270,0.099680,0.024363,0.049145,0.018929,0.102444,0.040860
0.018701,0.017657,0.022569,0.015530,0.026162,0.009317,0.010121,0.027707,0.007311,0.014386,0.040963,0.021525,0.076330,0.089464,0.032858,0.016318,0.017758,0.041513,0.002617,0.095933,0.037562,0.022268,0.099687,0.024361,0.049145,0.018927,0.102451,0.040859
0.018703,0.017659,0.022571,0.015532,0.026163,0.009319,0.010123,0.027708,0.007312,0.014387,0.040963,0.021527,0.076327,0.089459,0.032859,0.016319,0.017760,0.041514,0.002618,0.095927,0.037563,0.022270,0.099680,0.024363,0.049145,0.018929,0.102444,0.040860
0.018703,0.017659,0.022571,0.015532,0.026163,0.009318,0.010122,0.027707,0.007312,0.014387,0.040963,0.021527,0.076327,0.089460,0.032859,0.016319,0.017759,0.041514,0.002618,0.095928,0.037562,0.022269,0.099681,0.024363,0.049145,0.018929,0.102445,0.040860
0.018695,0.017651,0.022563,0.015525,0.026157,0.009312,0.010116,0.027704,0.007306,0.014380,0.040961,0.021519,0.076340,0.089483,0.032854,0.016312,0.017752,0.041512,0.002615,0.095953,0.037559,0.022262,0.099713,0.024355,0.049146,0.018920,0.102477,0.040858
0.018669,0.017625,0.022538,0.015502,0.026135,0.009291,0.010095,0.027688,0.007289,0.014356,0.040950,0.021491,0.076390,0.089561,0.032836,0.016287,0.017728,0.041504,0.002604,0.096051,0.037547,0.022236,0.099815,0.024332,0.049149,0.018894,0.102590,0.040850
0.018450,0.017404,0.022327,0.015308,0.025955,0.009113,0.009916,0.027562,0.007138,0.014158,0.040875,0.021267,0.076788,0.090202,0.032701,0.016074,0.017526,0.041430,0.002519,0.096859,0.037428,0.022015,0.100689,0.024136,0.049165,0.018669,0.103539,0.040786
0.018694,0.017649,0.022562,0.015524,0.026156,0.009311,0.010115,0.027703,0.007306,0.014379,0.040961,0.021518,0.076342,0.089485,0.032854,0.016310,0.017751,0.041511,0.002614,0.095958,0.037558,0.022261,0.099717,0.024355,0.049146,0.018919,0.102481,0.040858
0.018426,0.017384,0.022292,0.015284,0.025927,0.009094,0.009896,0.027535,0.007118,0.014127,0.040852,0.021234,0.076865,0.090292,0.032670,0.016054,0.017499,0.041430,0.002508,0.096957,0.037433,0.021991,0.100797,0.024112,0.049151,0.018643,0.103660,0.040769
0.018694,0.017650,0.022563,0.015524,0.026156,0.009311,0.010116,0.027703,0.007306,0.014379,0.040961,0.021518,0.076341,0.089484,0.032854,0.016311,0.017752,0.041511,0.002614,0.095958,0.037558,0.022261,0.099716,0.024355,0.049146,0.018920,0.102481,0.040858
0.018702,0.017658,0.022570,0.015531,0.026162,0.009318,0.010122,0.027707,0.007311,0.014386,0.040963,0.021526,0.076328,0.089462,0.032858,0.016318,0.017759,0.041514,0.002617,0.095930,0.037562,0.022269,0.099685,0.024362,0.049145,0.018928,0.102448,0.040859
0.018655,0.017611,0.022525,0.015491,0.026124,0.009280,0.010085,0.027681,0.007279,0.014344,0.040946,0.021478,0.076412,0.089599,0.032828,0.016274,0.017716,0.041499,0.002599,0.096099,0.037540,0.022223,0.099868,0.024320,0.049152,0.018880,0.102646,0.040847
0.018559,0.017513,0.022430,0.015403,0.026043,0.009201,0.010005,0.027622,0.007212,0.014254,0.040909,0.021376,0.076596,0.089890,0.032764,0.016181,0.017624,0.041470,0.002560,0.096460,0.037493,0.022124,0.100256,0.024230,0.049158,0.018781,0.103068,0.040816
0.018703,0.017659,0.022571,0.015532,0.026163,0.009319,0.010123,0.027708,0.007312,0.014387,0.040963,0.021527,0.076327,0.089459,0.032859,0.016319,0.017760,0.041514,0.002618,0.095927,0.037563,0.022270,0.099680,0.024363,0.049145,0.018929,0.102444,0.040860
0.018701,0.017657,0.022569,0.015530,0.026162,0.009317,0.010121,0.027707,0.007311,0.014385,0.040962,0.021525,0.076330,0.089465,0.032857,0.016317,0.017758,0.041514,0.002617,0.095933,0.037562,0.022268,0.099688,0.024361,0.049145,0.018927,0.102452,0.040859
0.018696,0.017652,0.022564,0.015525,0.026157,0.009313,0.010117,0.027703,0.007307,0.014381,0.040961,0.021520,0.076341,0.089480,0.032855,0.016313,0.017753,0.041512,0.002615,0.095952,0.037559,0.022263,0.099709,0.024357,0.049144,0.018922,0.102474,0.040857
0.018699,0.017654,0.022566,0.015528,0.026159,0.009315,0.010119,0.027704,0.007309,0.014383,0.040961,0.021522,0.076336,0.089473,0.032855,0.016315,0.017755,0.041513,0.002616,0.095944,0.037561,0.022265,0.099698,0.024359,0.049145,0.018924,0.102464,0.040858
0.018695,0.017650,0.022563,0.015525,0.026157,0.009312,0.010116,0.027704,0.007307,0.014380,0.040961,0.021519,0.076341,0.089482,0.032854,0.016311,0.017752,0.041512,0.002614,0.095955,0.037559,0.022262,0.099713,0.024355,0.049146,0.018920,0.102478,0.040857
0.018703,0.017659,0.022571,0.015532,0.026163,0.009319,0.010123,0.027708,0.007312,0.014387,0.040963,0.021527,0.076327,0.089459,0.032859,0.016319,0.017760,0.041514,0.002618,0.095927,0.037563,0.022270,0.099680,0.024363,0.049145,0.018929,0.102444,0.040860
0.018616,0.017571,0.022487,0.015456,0.026093,0.009247,0.010052,0.027662,0.007252,0.014310,0.040935,0.021438,0.076480,0.089709,0.032806,0.016235,0.017681,0.041486,0.002584,0.096238,0.037518,0.022185,0.100027,0.024286,0.049155,0.018839,0.102815,0.040837
0.018703,0.017659,0.022571,0.015532,0.026163,0.009319,0.010123,0.027708,0.007312,0.014387,0.040963,0.021527,0.076327,0.089459,0.032859,0.016319,0.017760,0.041514,0.002618,0.095927,0.037563,0.022270,0.099680,0.024363,0.049145,0.018929,0.102444,0.040860
0.018703,0.017659,0.022571,0.015532,0.026163,0.009319,0.010123,0.027708,0.007312,0.014387,0.040963,0.021527,0.076327,0.089459,0.032859,0.016319,0.017760,0.041514,0.002618,0.095927,0.037563,0.022270,0.099680,0.024363,0.049145,0.018929,0.102444,0.040860
0.018703,0.017659,0.022571,0.015532,0.026163,0.009319,0.010123,0.027707,0.007312,0.014387,0.040963,0.021527,0.076327,0.089460,0.032859,0.016319,0.017760,0.041514,0.002618,0.095927,0.037562,0.022270,0.099681,0.024363,0.049145,0.018929,0.102444,0.040860
0.018673,0.017628,0.022542,0.015505,0.026138,0.009294,0.010098,0.027690,0.007291,0.014360,0.040953,0.021496,0.076382,0.089549,0.032840,0.016290,0.017732,0.041504,0.002606,0.096038,0.037546,0.022239,0.099801,0.024336,0.049147,0.018898,0.102575,0.040851
0.018703,0.017659,0.022571,0.015532,0.026163,0.009319,0.010123,0.027708,0.007312,0.014387,0.040963,0.021527,0.076327,0.089459,0.032859,0.016319,0.017760,0.041514,0.002618,0.095927,0.037563,0.022270,0.099680,0.024363,0.049145,0.018929,0.102444,0.040860
0.018703,0.017659,0.022571,0.015532,0.026163,0.009319,0.010123,0.027708,0.007312,0.014387,0.040963,0.021527,0.076327,0.089459,0.032859,0.016319,0.017760,0.041514,0.002618,0.095927,0.037563,0.022270,0.099680,0.024363,0.049145,0.018929,0.102444,0.040860
0.018703,0.017659,0.022571,0.015532,0.026163,0.009319,0.010123,0.027708,0.007312,0.014387,0.040963,0.021527,0.076327,0.089459,0.032859,0.016319,0.017760,0.041514,0.002618,0.095927,0.037563,0.022270,0.099680,0.024363,0.049145,0.018929,0.102444,0.040860
0.018703,0.017659,0.022571,0.015532,0.026163,0.009319,0.010123,0.027708,0.007312,0.014387,0.040963,0.021527,0.076327,0.089459,0.032859,0.016319,0.017760,0.041514,0.002618,0.095927,0.037563,0.022270,0.099680,0.024363,0.049145,0.018929,0.102444,0.040860
0.018703,0.017659,0.022571,0.015532,0.026163,0.009319,0.010123,0.027708,0.007312,0.014387,0.040963,0.021527,0.076327,0.089459,0.032859,0.016319,0.017760,0.041514,0.002618,0.095927,0.037563,0.022270,0.099680,0.024363,0.049145,0.018929,0.102444,0.040860
0.018703,0.017659,0.022571,0.015532,0.026163,0.009319,0.010123,0.027708,0.007312,0.014387,0.040963,0.021527,0.076327,0.089459,0.032859,0.016319,0.017760,0.041514,0.002618,0.095927,0.037563,0.022270,0.099680,0.024363,0.049145,0.018929,0.102444,0.040860
0.018703,0.017659,0.022571,0.015532,0.026163,0.009319,0.010123,0.027707,0.007312,0.014387,0.040963,0.021527,0.076327,0.089460,0.032859,0.016319,0.017759,0.041514,0.002618,0.095927,0.037562,0.022269,0.099681,0.024363,0.049145,0.018929,0.102444,0.040860
0.018685,0.017640,0.022554,0.015516,0.026149,0.009304,0.010108,0.027699,0.007300,0.014371,0.040957,0.021509,0.076357,0.089511,0.032848,0.016302,0.017743,0.041508,0.002611,0.095990,0.037554,0.022252,0.099751,0.024347,0.049148,0.018910,0.102519,0.040855
0.018703,0.017659,0.022571,0.015532,0.026163,0.009319,0.010123,0.027708,0.007312,0.014387,0.040963,0.021527,0.076327,0.089459,0.032859,0.016319,0.017760,0.041514,0.002618,0.095927,0.037563,0.022270,0.099680,0.024363,0.049145,0.018929,0.102444,0.040860
0.018696,0.017651,0.022564,0.015525,0.026157,0.009313,0.010117,0.027703,0.007307,0.014380,0.040961,0.021519,0.076340,0.089481,0.032854,0.016312,0.017753,0.041512,0.002615,0.095953,0.037559,0.022262,0.099710,0.024356,0.049145,0.018921,0.102475,0.040857
0.018699,0.017654,0.022567,0.015528,0.026160,0.009315,0.010119,0.027705,0.007309,0.014383,0.040962,0.021523,0.076334,0.089471,0.032856,0.016315,0.017756,0.041512,0.002616,0.095942,0.037560,0.022265,0.099697,0.024359,0.049146,0.018924,0.102461,0.040859
0.018694,0.017649,0.022562,0.015524,0.026156,0.009311,0.010115,0.027703,0.007306,0.014379,0.040961,0.021518,0.076342,0.089485,0.032854,0.016310,0.017751,0.041511,0.002614,0.095958,0.037558,0.022261,0.099717,0.024355,0.049146,0.018919,0.102481,0.040858
0.018679,0.017634,0.022547,0.015510,0.026143,0.009299,0.010103,0.027694,0.007295,0.014365,0.040955,0.021502,0.076371,0.089532,0.032844,0.016296,0.017737,0.041507,0.002608,0.096015,0.037550,0.022245,0.099778,0.024340,0.049147,0.018904,0.102549,0.040853
0.018653,0.017608,0.022523,0.015488,0.026123,0.009278,0.010083,0.027682,0.007278,0.014343,0.040947,0.021476,0.076414,0.089602,0.032828,0.016271,0.017714,0.041498,0.002598,0.096105,0.037538,0.022221,0.099879,0.024318,0.049152,0.018877,0.102655,0.040846
0.018697,0.017653,0.022565,0.015527,0.026158,0.009314,0.010118,0.027705,0.007308,0.014382,0.040962,0.021521,0.076338,0.089476,0.032855,0.016314,0.017754,0.041513,0.002615,0.095946,0.037560,0.022264,0.099705,0.024357,0.049145,0.018923,0.102469,0.040858
0.018628,0.017582,0.022497,0.015465,0.026100,0.009257,0.010061,0.027664,0.007260,0.014318,0.040935,0.021448,0.076466,0.089681,0.032809,0.016247,0.017689,0.041491,0.002588,0.096207,0.037527,0.022195,0.099982,0.024295,0.049153,0.018851,0.102768,0.040836
0.018663,0.017617,0.022531,0.015495,0.026128,0.009285,0.010089,0.027683,0.007284,0.014349,0.040948,0.021484,0.076404,0.089580,0.032832,0.016280,0.017721,0.041502,0.002601,0.096079,0.037544,0.022229,0.099845,0.024326,0.049148,0.018887,0.102619,0.040845
0.018703,0.017659,0.022571,0.015532,0.026163,0.009319,0.010123,0.027708,0.007312,0.014387,0.040963,0.021527,0.076327,0.089459,0.032859,0.016319,0.017760,0.041514,0.002618,0.095927,0.037563,0.022270,0.099680,0.024363,0.049145,0.018929,0.102444,0.040860
0.018676,0.017632,0.022544,0.015508,0.026141,0.009296,0.010101,0.027693,0.007293,0.014363,0.040954,0.021499,0.076376,0.089537,0.032842,0.016293,0.017735,0.041506,0.002607,0.096023,0.037549,0.022244,0.099789,0.024339,0.049147,0.018901,0.102560,0.040852
0.018696,0.017652,0.022564,0.015526,0.026158,0.009313,0.010117,0.027704,0.007307,0.014381,0.040961,0.021520,0.076338,0.089479,0.032855,0.016313,0.017753,0.041512,0.002615,0.095950,0.037559,0.022263,0.099707,0.024357,0.049146,0.018922,0.102472,0.040858
0.018679,0.017635,0.022548,0.015512,0.026144,0.009299,0.010104,0.027695,0.007296,0.014366,0.040955,0.021503,0.076369,0.089527,0.032844,0.016296,0.017738,0.041506,0.002608,0.096011,0.037551,0.022247,0.099774,0.024342,0.049147,0.018904,0.102545,0.040853
0.018695,0.017650,0.022563,0.015524,0.026156,0.009312,0.010116,0.027702,0.007306,0.014379,0.040960,0.021518,0.076343,0.089485,0.032853,0.016311,0.017752,0.041511,0.002614,0.095958,0.037558,0.022261,0.099714,0.024355,0.049145,0.018920,0.102481,0.040857
0.018702,0.017657,0.022570,0.015531,0.026162,0.009318,0.010122,0.027707,0.007311,0.014386,0.040963,0.021526,0.076329,0.089463,0.032858,0.016318,0.017758,0.041514,0.002617,0.095931,0.037562,0.022268,0.099685,0.024362,0.049145,0.018928,0.102448,0.040859
0.018471,0.017427,0.022346,0.015327,0.025974,0.009129,0.009933,0.027580,0.007152,0.014179,0.040888,0.021289,0.076747,0.090132,0.032718,0.016096,0.017548,0.041441,0.002527,0.096759,0.037442,0.022041,0.100611,0.024155,0.049159,0.018689,0.103443,0.040795
0.018494,0.017449,0.022370,0.015347,0.025994,0.009148,0.009952,0.027595,0.007168,0.014201,0.040898,0.021314,0.076701,0.090062,0.032735,0.016118,0.017570,0.041447,0.002537,0.096674,0.037451,0.022064,0.100518,0.024176,0.049160,0.018713,0.103341,0.040803
0.018633,0.017589,0.022501,0.015469,0.026104,0.009262,0.010066,0.027663,0.007263,0.014321,0.040934,0.021453,0.076462,0.089672,0.032810,0.016253,0.017693,0.041494,0.002590,0.096189,0.037532,0.022199,0.099958,0.024298,0.049150,0.018858,0.102748,0.040837
0.018691,0.017647,0.022560,0.015522,0.026154,0.009309,0.010113,0.027701,0.007304,0.014377,0.040960,0.021515,0.076347,0.089493,0.032852,0.016308,0.017749,0.041510,0.002613,0.095968,0.037556,0.022258,0.099726,0.024352,0.049146,0.018917,0.102493,0.040857
0.018418,0.017374,0.022289,0.015278,0.025925,0.009087,0.009890,0.027541,0.007115,0.014125,0.040858,0.021229,0.076861,0.090301,0.032674,0.016046,0.017495,0.041426,0.002506,0.096972,0.037424,0.021987,0.100828,0.024106,0.049160,0.018634,0.103683,0.040771
0.018488,0.017443,0.022360,0.015340,0.025984,0.009144,0.009948,0.027580,0.007164,0.014189,0.040882,0.021301,0.076729,0.090101,0.032717,0.016114,0.017557,0.041450,0.002533,0.096717,0.037461,0.022054,0.100541,0.024165,0.049162,0.018708,0.103375,0.040793
0.018694,0.017649,0.022562,0.015524,0.026156,0.009311,0.010115,0.027703,0.007306,0.014379,0.040961,0.021518,0.076342,0.089485,0.032854,0.016310,0.017751,0.041511,0.002614,0.095958,0.037558,0.022261,0.099717,0.024355,0.049146,0.018919,0.102481,0.040858
0.018685,0.017640,0.022554,0.015516,0.026149,0.009304,0.010108,0.027699,0.007300,0.014371,0.040957,0.021509,0.076357,0.089511,0.032848,0.016302,0.017743,0.041508,0.002611,0.095990,0.037554,0.022252,0.099751,0.024347,0.049148,0.018910,0.102519,0.040855
0.018703,0.017659,0.022571,0.015532,0.026163,0.009319,0.010123,0.027708,0.007312,0.014387,0.040963,0.021527,0.076327,0.089459,0.032859,0.016319,0.017760,0.041514,0.002618,0.095927,0.037563,0.022270,0.099680,0.024363,0.049145,0.018929,0.102444,0.040860
0.018658,0.017615,0.022529,0.015493,0.026128,0.009282,0.010086,0.027683,0.007281,0.014348,0.040949,0.021482,0.076406,0.089590,0.032833,0.016277,0.017719,0.041501,0.002600,0.096082,0.037539,0.022225,0.099856,0.024322,0.049148,0.018883,0.102634,0.040849
0.018694,0.017650,0.022563,0.015524,0.026156,0.009311,0.010116,0.027703,0.007306,0.014379,0.040961,0.021518,0.076341,0.089484,0.032854,0.016311,0.017752,0.041511,0.002614,0.095958,0.037558,0.022261,0.099716,0.024355,0.049146,0.018920,0.102481,0.040858
0.018700,0.017656,0.022568,0.015529,0.026161,0.009316,0.010120,0.027706,0.007310,0.014384,0.040962,0.021524,0.076333,0.089469,0.032857,0.016316,0.017757,0.041513,0.002616,0.095937,0.037561,0.022267,0.099693,0.024360,0.049145,0.018926,0.102457,0.040859
0.018685,0.017640,0.022553,0.015516,0.026148,0.009303,0.010108,0.027698,0.007299,0.014371,0.040957,0.021508,0.076360,0.089513,0.032847,0.016301,0.017743,0.041508,0.002610,0.095994,0.037553,0.022251,0.099754,0.024346,0.049147,0.018910,0.102523,0.040855
0.018701,0.017657,0.022569,0.015530,0.026162,0.009317,0.010121,0.027707,0.007311,0.014386,0.040963,0.021525,0.076329,0.089464,0.032858,0.016318,0.017758,0.041513,0.002617,0.095933,0.037562,0.022268,0.099687,0.024361,0.049145,0.018927,0.102451,0.040859
0.018686,0.017642,0.022554,0.015517,0.026150,0.009305,0.010109,0.027697,0.007300,0.014372,0.040957,0.021509,0.076359,0.089512,0.032848,0.016303,0.017743,0.041510,0.002611,0.095986,0.037555,0.022252,0.099747,0.024347,0.049145,0.018912,0.102517,0.040856
0.018427,0.017385,0.022293,0.015285,0.025928,0.009095,0.009896,0.027535,0.007119,0.014128,0.040852,0.021235,0.076863,0.090289,0.032670,0.016055,0.017500,0.041430,0.002508,0.096955,0.037433,0.021992,0.100793,0.024113,0.049152,0.018644,0.103656,0.040769
0.018703,0.017659,0.022571,0.015532,0.026163,0.009319,0.010123,0.027708,0.007312,0.014387,0.040963,0.021527,0.076327,0.089459,0.032859,0.016319,0.017760,0.041514,0.002618,0.095927,0.037563,0.022270,0.099680,0.024363,0.049145,0.018929,0.102444,0.040860
0.018694,0.017650,0.022563,0.015524,0.026156,0.009311,0.010115,0.027703,0.007306,0.014379,0.040961,0.021518,0.076342,0.089485,0.032854,0.016311,0.017752,0.041511,0.002614,0.095958,0.037558,0.022261,0.099716,0.024355,0.049146,0.018920,0.102481,0.040858
0.018703,0.017659,0.022571,0.015532,0.026163,0.009319,0.010123,0.027708,0.007312,0.014387,0.040963,0.021527,0.076327,0.089459,0.032859,0.016319,0.017760,0.041514,0.002618,0.095927,0.037563,0.022270,0.099680,0.024363,0.049145,0.018929,0.102444,0.040860
0.018694,0.017649,0.022562,0.015524,0.026156,0.009311,0.010115,0.027703,0.007306,0.014379,0.040961,0.021518,0.076342,0.089485,0.032854,0.016310,0.017751,0.041511,0.002614,0.095958,0.037558,0.022261,0.099717,0.024355,0.049146,0.018919,0.102481,0.040858
0.018551,0.017506,0.022422,0.015401,0.026038,0.009195,0.010002,0.027625,0.007208,0.014250,0.040908,0.021370,0.076599,0.089900,0.032760,0.016175,0.017621,0.041467,0.002558,0.096475,0.037493,0.022122,0.100282,0.024228,0.049164,0.018773,0.103092,0.040817
0.018703,0.017659,0.022571,0.015532,0.026163,0.009319,0.010123,0.027708,0.007312,0.014387,0.040963,0.021527,0.076327,0.089459,0.032859,0.016319,0.017760,0.041514,0.002618,0.095927,0.037563,0.022270,0.099680,0.024363,0.049145,0.018929,0.102444,0.040860
0.018685,0.017641,0.022554,0.015517,0.026149,0.009304,0.010109,0.027698,0.007300,0.014371,0.040957,0.021509,0.076358,0.089512,0.032847,0.016302,0.017743,0.041508,0.002611,0.095991,0.037554,0.022252,0.099750,0.024347,0.049148,0.018911,0.102519,0.040855
0.018692,0.017648,0.022560,0.015523,0.026154,0.009310,0.010114,0.027702,0.007305,0.014377,0.040959,0.021516,0.076345,0.089491,0.032852,0.016309,0.017750,0.041510,0.002613,0.095966,0.037557,0.022259,0.099723,0.024353,0.049147,0.018918,0.102490,0.040857
0.018702,0.017658,0.022570,0.015531,0.026162,0.009318,0.010122,0.027707,0.007311,0.014386,0.040963,0.021526,0.076329,0.089462,0.032858,0.016318,0.017759,0.041514,0.002617,0.095930,0.037562,0.022269,0.099684,0.024362,0.049145,0.018928,0.102448,0.040860
0.018686,0.017641,0.022555,0.015517,0.026150,0.009305,0.010109,0.027699,0.007301,0.014372,0.040958,0.021510,0.076356,0.089507,0.032849,0.016303,0.017744,0.041509,0.002611,0.095987,0.037554,0.022253,0.099747,0.024348,0.049148,0.018911,0.102515,0.040855
0.018702,0.017658,0.022570,0.015531,0.026162,0.009318,0.010122,0.027707,0.007311,0.014386,0.040963,0.021526,0.076329,0.089462,0.032858,0.016318,0.017759,0.041514,0.002617,0.095930,0.037562,0.022269,0.099684,0.024362,0.049145,0.018928,0.102448,0.040860
0.018703,0.017659,0.022571,0.015532,0.026163,0.009319,0.010123,0.027708,0.007312,0.014387,0.040963,0.021527,0.076327,0.089459,0.032859,0.016319,0.017760,0.041514,0.002618,0.095927,0.037563,0.022270,0.099680,0.024363,0.049145,0.018929,0.102444,0.040860
0.018702,0.017658,0.022570,0.015531,0.026162,0.009318,0.010122,0.027707,0.007311,0.014386,0.040963,0.021526,0.076329,0.089462,0.032858,0.016318,0.017759,0.041514,0.002617,0.095930,0.037562,0.022269,0.099684,0.024362,0.049145,0.018928,0.102448,0.040860
0.018703,0.017659,0.022571,0.015532,0.026163,0.009319,0.010123,0.027708,0.007312,0.014387,0.040963,0.021527,0.076327,0.089459,0.032859,0.016319,0.017760,0.041514,0.002618,0.095927,0.037563,0.022270,0.099680,0.024363,0.049145,0.018929,0.102444,0.040860
0.018416,0.017371,0.022295,0.015276,0.025931,0.009084,0.009887,0.027550,0.007114,0.014130,0.040872,0.021232,0.076846,0.090296,0.032688,0.016043,0.017496,0.041424,0.002506,0.096951,0.037410,0.021985,0.100836,0.024102,0.049162,0.018632,0.103684,0.040781
0.018703,0.017659,0.022571,0.015532,0.026163,0.009319,0.010123,0.027708,0.007312,0.014387,0.040963,0.021527,0.076327,0.089459,0.032859,0.016319,0.017760,0.041514,0.002618,0.095927,0.037563,0.022270,0.099680,0.024363,0.049145,0.018929,0.102444,0.040860
0.018460,0.017410,0.022337,0.015310,0.025962,0.009117,0.009920,0.027574,0.007143,0.014166,0.040888,0.021275,0.076771,0.090173,0.032714,0.016082,0.017531,0.041437,0.002522,0.096817,0.037430,0.022026,0.100676,0.024139,0.049162,0.018674,0.103499,0.040786
0.018702,0.017657,0.022569,0.015531,0.026162,0.009317,0.010121,0.027707,0.007311,0.014386,0.040963,0.021526,0.076329,0.089464,0.032858,0.016318,0.017758,0.041514,0.002617,0.095932,0.037562,0.022268,0.099686,0.024362,0.049145,0.018927,0.102450,0.040859
0.018694,0.017650,0.022563,0.015524,0.026156,0.009311,0.010116,0.027703,0.007306,0.014379,0.040961,0.021518,0.076341,0.089484,0.032854,0.016311,0.017752,0.041511,0.002614,0.095958,0.037558,0.022261,0.099716,0.024355,0.049146,0.018920,0.102481,0.040858
0.018679,0.017635,0.022548,0.015510,0.026143,0.009299,0.010102,0.027694,0.007295,0.014365,0.040955,0.021502,0.076372,0.089530,0.032844,0.016296,0.017737,0.041506,0.002608,0.096015,0.037549,0.022245,0.099777,0.024341,0.049146,0.018904,0.102548,0.040853
0.018697,0.017653,0.022565,0.015527,0.026158,0.009314,0.010118,0.027705,0.007308,0.014382,0.040962,0.021521,0.076338,0.089476,0.032855,0.016314,0.017754,0.041513,0.002615,0.095946,0.037560,0.022264,0.099705,0.024357,0.049145,0.018923,0.102469,0.040858
0.018703,0.017659,0.022571,0.015532,0.026163,0.009319,0.010123,0.027708,0.007312,0.014387,0.040963,0.021527,0.076327,0.089459,0.032859,0.016319,0.017760,0.041514,0.002618,0.095927,0.037563,0.022270,0.099680,0.024363,0.049145,0.018929,0.102444,0.040860
0.018703,0.017659,0.022571,0.015532,0.026163,0.009319,0.010123,0.027708,0.007312,0.014387,0.040963,0.021527,0.076327,0.089459,0.032859,0.016319,0.017760,0.041514,0.002618,0.095927,0.037563,0.022270,0.099680,0.024363,0.049145,0.018929,0.102444,0.040860
0.018699,0.017655,0.022567,0.015528,0.026160,0.009315,0.010119,0.027705,0.007309,0.014383,0.040962,0.021523,0.076335,0.089472,0.032856,0.016315,0.017756,0.041513,0.002616,0.095942,0.037561,0.022265,0.099697,0.024359,0.049145,0.018925,0.102461,0.040858
0.018702,0.017658,0.022570,0.015531,0.026162,0.009318,0.010122,0.027707,0.007311,0.014386,0.040963,0.021526,0.076329,0.089463,0.032858,0.016318,0.017758,0.041514,0.002617,0.095931,0.037562,0.022268,0.099685,0.024362,0.049145,0.018928,0.102449,0.040859
0.018700,0.017656,0.022568,0.015529,0.026161,0.009316,0.010120,0.027706,0.007310,0.014384,0.040962,0.021524,0.076333,0.089468,0.032857,0.016316,0.017757,0.041513,0.002616,0.095937,0.037561,0.022267,0.099693,0.024360,0.049145,0.018926,0.102457,0.040859
0.018700,0.017656,0.022568,0.015529,0.026161,0.009316,0.010120,0.027706,0.007310,0.014385,0.040962,0.021524,0.076332,0.089467,0.032857,0.016317,0.017757,0.041513,0.002617,0.095936,0.037561,0.022267,0.099691,0.024360,0.049145,0.018926,0.102455,0.040859
0.018681,0.017637,0.022551,0.015513,0.026146,0.009301,0.010106,0.027695,0.007297,0.014368,0.040955,0.021505,0.076364,0.089523,0.032845,0.016298,0.017740,0.041507,0.002609,0.096007,0.037551,0.022248,0.099763,0.024343,0.049149,0.018907,0.102535,0.040854
0.018702,0.017658,0.022570,0.015531,0.026162,0.009318,0.010122,0.027707,0.007311,0.014386,0.040963,0.021526,0.076329,0.089462,0.032858,0.016318,0.017759,0.041514,0.002617,0.095930,0.037562,0.022269,0.099684,0.024362,0.049145,0.018928,0.102448,0.040860
0.018694,0.017650,0.022563,0.015524,0.026156,0.009311,0.010116,0.027703,0.007306,0.014379,0.040961,0.021518,0.076341,0.089484,0.032854,0.016311,0.017752,0.041511,0.002614,0.095958,0.037558,0.022261,0.099716,0.024355,0.049146,0.018920,0.102481,0.040858
0.018703,0.017659,0.022571,0.015532,0.026163,0.009319,0.010123,0.027708,0.007312,0.014387,0.040963,0.021527,0.076327,0.089459,0.032859,0.016319,0.017760,0.041514,0.002618,0.095927,0.037563,0.022270,0.099680,0.024363,0.049145,0.018929,0.102444,0.040860
0.018595,0.017551,0.022463,0.015435,0.026072,0.009231,0.010035,0.027641,0.007237,0.014286,0.040920,0.021412,0.076534,0.089786,0.032785,0.016216,0.017657,0.041483,0.002574,0.096327,0.037514,0.022160,0.100113,0.024263,0.049151,0.018818,0.102914,0.040825
0.018575,0.017531,0.022448,0.015418,0.026060,0.009214,0.010018,0.027635,0.007223,0.014272,0.040921,0.021395,0.076561,0.089837,0.032781,0.016196,0.017641,0.041474,0.002567,0.096388,0.037495,0.022141,0.100190,0.024246,0.049153,0.018798,0.102997,0.040825
0.018703,0.017659,0.022571,0.015532,0.026163,0.009319,0.010123,0.027708,0.007312,0.014387,0.040963,0.021527,0.076327,0.089459,0.032859,0.016319,0.017760,0.041514,0.002618,0.095927,0.037563,0.022270,0.099680,0.024363,0.049145,0.018929,0.102444,0.040860
0.018703,0.017659,0.022571,0.015532,0.026163,0.009319,0.010123,0.027708,0.007312,0.014387,0.040963,0.021527,0.076327,0.089459,0.032859,0.016319,0.017760,0.041514,0.002618,0.095927,0.037563,0.022270,0.099680,0.024363,0.049145,0.018929,0.102444,0.040860
0.018697,0.017653,0.022565,0.015527,0.026158,0.009314,0.010118,0.027705,0.007308,0.014382,0.040962,0.021521,0.076338,0.089476,0.032855,0.016314,0.017754,0.041513,0.002615,0.095946,0.037560,0.022264,0.099705,0.024357,0.049145,0.018923,0.102469,0.040858
0.018701,0.017657,0.022569,0.015530,0.026162,0.009317,0.010121,0.027707,0.007311,0.014386,0.040963,0.021525,0.076330,0.089465,0.032858,0.016317,0.017758,0.041513,0.002617,0.095933,0.037561,0.022268,0.099688,0.024361,0.049145,0.018927,0.102452,0.040859
0.018703,0.017659,0.022571,0.015532,0.026163,0.009319,0.010123,0.027708,0.007312,0.014387,0.040963,0.021527,0.076327,0.089459,0.032859,0.016319,0.017760,0.041514,0.002618,0.095927,0.037563,0.022270,0.099680,0.024363,0.049145,0.018929,0.102444,0.040860
0.018689,0.017645,0.022558,0.015520,0.026152,0.009308,0.010112,0.027700,0.007303,0.014375,0.040958,0.021513,0.076350,0.089498,0.032850,0.016306,0.017747,0.041510,0.002612,0.095976,0.037556,0.022256,0.099733,0.024351,0.049147,0.018915,0.102501,0.040856
0.018660,0.017616,0.022530,0.015494,0.026129,0.009283,0.010087,0.027684,0.007282,0.014349,0.040950,0.021483,0.076404,0.089586,0.032833,0.016278,0.017720,0.041501,0.002601,0.096078,0.037540,0.022226,0.099852,0.024323,0.049148,0.018885,0.102629,0.040849
0.018696,0.017652,0.022564,0.015526,0.026158,0.009313,0.010117,0.027704,0.007307,0.014381,0.040961,0.021520,0.076338,0.089479,0.032855,0.016313,0.017753,0.041512,0.002615,0.095950,0.037559,0.022263,0.099707,0.024357,0.049146,0.018922,0.102472,0.040858
0.018702,0.017658,0.022570,0.015531,0.026162,0.009318,0.010122,0.027707,0.007311,0.014386,0.040963,0.021526,0.076328,0.089462,0.032858,0.016318,0.017759,0.041514,0.002617,0.095930,0.037562,0.022269,0.099685,0.024362,0.049145,0.018928,0.102448,0.040859
0.018702,0.017658,0.022570,0.015531,0.026162,0.009318,0.010122,0.027707,0.007311,0.014386,0.040963,0.021526,0.076328,0.089462,0.032858,0.016318,0.017759,0.041514,0.002617,0.095930,0.037562,0.022269,0.099685,0.024362,0.049145,0.018928,0.102448,0.040859
0.018703,0.017659,0.022571,0.015532,0.026163,0.009319,0.010123,0.027708,0.007312,0.014387,0.040963,0.021527,0.076327,0.089459,0.032859,0.016319,0.017760,0.041514,0.002618,0.095927,0.037563,0.022270,0.099680,0.024363,0.049145,0.018929,0.102444,0.040860
0.018702,0.017657,0.022570,0.015531,0.026162,0.009318,0.010122,0.027707,0.007311,0.014386,0.040963,0.021526,0.076329,0.089463,0.032858,0.016318,0.017758,0.041514,0.002617,0.095931,0.037562,0.022268,0.099685,0.024362,0.049145,0.018928,0.102449,0.040859
0.018703,0.017659,0.022571,0.015532,0.026163,0.009319,0.010123,0.027708,0.007312,0.014387,0.040963,0.021527,0.076327,0.089459,0.032859,0.016319,0.017760,0.041514,0.002618,0.095927,0.037563,0.022270,0.099680,0.024363,0.049145,0.018929,0.102444,0.040860
0.018693,0.017648,0.022561,0.015523,0.026155,0.009310,0.010114,0.027702,0.007305,0.014378,0.040959,0.021516,0.076345,0.089489,0.032852,0.016309,0.017750,0.041511,0.002614,0.095964,0.037558,0.022260,0.099721,0.024354,0.049146,0.018918,0.102487,0.040857
0.018642,0.017597,0.022512,0.015479,0.026113,0.009269,0.010073,0.027673,0.007270,0.014332,0.040942,0.021465,0.076437,0.089637,0.032821,0.016260,0.017704,0.041493,0.002594,0.096151,0.037530,0.022209,0.099922,0.024309,0.049151,0.018866,0.102707,0.040843
0.018702,0.017658,0.022570,0.015531,0.026162,0.009318,0.010122,0.027707,0.007311,0.014386,0.040963,0.021526,0.076328,0.089462,0.032858,0.016318,0.017759,0.041514,0.002617,0.095930,0.037562,0.022269,0.099685,0.024362,0.049145,0.018928,0.102448,0.040859
0.018494,0.017449,0.022370,0.015347,0.025994,0.009148,0.009952,0.027595,0.007168,0.014201,0.040898,0.021314,0.076701,0.090062,0.032735,0.016118,0.017570,0.041447,0.002537,0.096674,0.037451,0.022064,0.100518,0.024176,0.049160,0.018713,0.103341,0.040803
0.018633,0.017589,0.022501,0.015469,0.026104,0.009262,0.010066,0.027663,0.007263,0.014321,0.040934,0.021453,0.076462,0.089672,0.032810,0.016253,0.017693,0.041494,0.002590,0.096189,0.037532,0.022199,0.099958,0.024298,0.049150,0.018858,0.102748,0.040837
0.018589,0.017544,0.022461,0.015431,0.026070,0.009225,0.010029,0.027644,0.007233,0.014284,0.040925,0.021409,0.076534,0.089793,0.032789,0.016209,0.017655,0.041478,0.002573,0.096339,0.037504,0.022156,0.100136,0.024260,0.049154,0.018811,0.102935,0.040828
0.018698,0.017653,0.022566,0.015527,0.026159,0.009314,0.010118,0.027705,0.007308,0.014382,0.040962,0.021522,0.076336,0.089474,0.032856,0.016314,0.017755,0.041512,0.002616,0.095945,0.037560,0.022265,0.099702,0.024358,0.049146,0.018923,0.102466,0.040858
0.018693,0.017649,0.022562,0.015523,0.026156,0.009311,0.010115,0.027703,0.007305,0.014379,0.040960,0.021517,0.076343,0.089487,0.032853,0.016310,0.017751,0.041511,0.002614,0.095960,0.037558,0.022260,0.099719,0.024354,0.049147,0.018919,0.102484,0.040857
0.018684,0.017641,0.022553,0.015516,0.026148,0.009304,0.010108,0.027696,0.007299,0.014370,0.040956,0.021508,0.076361,0.089515,0.032847,0.016302,0.017742,0.041508,0.002610,0.095993,0.037553,0.022251,0.099753,0.024346,0.049146,0.018910,0.102524,0.040855
0.018700,0.017656,0.022568,0.015529,0.026161,0.009316,0.010120,0.027706,0.007310,0.014384,0.040962,0.021524,0.076332,0.089468,0.032857,0.016316,0.017757,0.041513,0.002617,0.095937,0.037561,0.022267,0.099692,0.024360,0.049145,0.018926,0.102456,0.040859
0.018694,0.017649,0.022562,0.015524,0.026156,0.009311,0.010115,0.027703,0.007306,0.014379,0.040961,0.021518,0.076342,0.089485,0.032854,0.016310,0.017751,0.041511,0.002614,0.095958,0.037558,0.022261,0.099717,0.024355,0.049146,0.018919,0.102481,0.040858
0.018694,0.017650,0.022563,0.015524,0.026156,0.009311,0.010116,0.027703,0.007306,0.014379,0.040961,0.021518,0.076341,0.089484,0.032854,0.016311,0.017752,0.041511,0.002614,0.095958,0.037558,0.022261,0.099716,0.024355,0.049146,0.018920,0.102481,0.040858
0.018703,0.017659,0.022571,0.015532,0.026163,0.009319,0.010123,0.027708,0.007312,0.014387,0.040963,0.021527,0.076327,0.089459,0.032859,0.016319,0.017760,0.041514,0.002618,0.095927,0.037563,0.022270,0.099680,0.024363,0.049145,0.018929,0.102444,0.040860
0.018701,0.017657,0.022569,0.015530,0.026162,0.009317,0.010121,0.027707,0.007311,0.014386,0.040963,0.021525,0.076330,0.089465,0.032858,0.016317,0.017758,0.041514,0.002617,0.095933,0.037562,0.022268,0.099688,0.024361,0.049145,0.018927,0.102451,0.040859
0.018631,0.017586,0.022498,0.015467,0.026102,0.009260,0.010064,0.027664,0.007262,0.014319,0.040934,0.021450,0.076466,0.089677,0.032809,0.016250,0.017691,0.041493,0.002589,0.096195,0.037531,0.022197,0.099971,0.024297,0.049150,0.018854,0.102758,0.040836
0.018703,0.017659,0.022571,0.015532,0.026163,0.009318,0.010122,0.027707,0.007312,0.014387,0.040963,0.021527,0.076327,0.089460,0.032859,0.016319,0.017759,0.041514,0.002618,0.095927,0.037562,0.022269,0.099681,0.024363,0.049145,0.018929,0.102444,0.040860
0.018683,0.017639,0.022552,0.015514,0.026147,0.009302,0.010106,0.027696,0.007298,0.014369,0.040956,0.021506,0.076363,0.089518,0.032847,0.016300,0.017741,0.041508,0.002610,0.095999,0.037552,0.022250,0.099760,0.024345,0.049147,0.018908,0.102530,0.040854
0.018623,0.017579,0.022491,0.015461,0.026096,0.009253,0.010058,0.027659,0.007256,0.014312,0.040931,0.021442,0.076479,0.089701,0.032803,0.016243,0.017684,0.041491,0.002586,0.096223,0.037528,0.022189,0.100000,0.024289,0.049152,0.018847,0.102791,0.040835
0.018702,0.017658,0.022570,0.015531,0.026162,0.009318,0.010122,0.027707,0.007311,0.014386,0.040963,0.021526,0.076328,0.089462,0.032858,0.016318,0.017759,0.041514,0.002617,0.095930,0.037562,0.022269,0.099684,0.024362,0.049145,0.018928,0.102448,0.040860
0.018566,0.017521,0.022440,0.015412,0.026052,0.009207,0.010012,0.027632,0.007218,0.014265,0.040917,0.021387,0.076571,0.089858,0.032775,0.016188,0.017634,0.041470,0.002564,0.096422,0.037492,0.022134,0.100223,0.024240,0.049159,0.018789,0.103030,0.040822
0.018703,0.017659,0.022571,0.015532,0.026163,0.009319,0.010123,0.027708,0.007312,0.014387,0.040963,0.021527,0.076327,0.089459,0.032859,0.016319,0.017760,0.041514,0.002618,0.095927,0.037563,0.022270,0.099680,0.024363,0.049145,0.018929,0.102444,0.040860
0.018702,0.017658,0.022570,0.015531,0.026162,0.009318,0.010122,0.027707,0.007311,0.014386,0.040963,0.021526,0.076328,0.089462,0.032858,0.016318,0.017759,0.041514,0.002617,0.095930,0.037562,0.022269,0.099685,0.024362,0.049145,0.018928,0.102448,0.040859
0.018703,0.017658,0.022570,0.015531,0.026163,0.009318,0.010122,0.027707,0.007312,0.014387,0.040963,0.021526,0.076328,0.089461,0.032858,0.016319,0.017759,0.041514,0.002617,0.095929,0.037562,0.022269,0.099683,0.024362,0.049145,0.018928,0.102446,0.040859
0.018687,0.017643,0.022555,0.015517,0.026150,0.009305,0.010109,0.027697,0.007300,0.014372,0.040957,0.021510,0.076358,0.089508,0.032848,0.016304,0.017745,0.041509,0.002611,0.095986,0.037554,0.022253,0.099746,0.024348,0.049144,0.018912,0.102515,0.040855
0.018679,0.017635,0.022548,0.015510,0.026143,0.009299,0.010102,0.027694,0.007295,0.014365,0.040955,0.021502,0.076372,0.089530,0.032844,0.016296,0.017737,0.041506,0.002608,0.096015,0.037549,0.022245,0.099777,0.024341,0.049146,0.018904,0.102548,0.040853
0.018702,0.017658,0.022570,0.015531,0.026162,0.009318,0.010122,0.027707,0.007311,0.014386,0.040963,0.021526,0.076329,0.089462,0.032858,0.016318,0.017759,0.041514,0.002617,0.095930,0.037562,0.022269,0.099684,0.024362,0.049145,0.018928,0.102448,0.040860
0.018697,0.017653,0.022565,0.015527,0.026158,0.009314,0.010118,0.027704,0.007308,0.014382,0.040961,0.021521,0.076337,0.089476,0.032855,0.016314,0.017754,0.041512,0.002615,0.095947,0.037560,0.022264,0.099704,0.024358,0.049145,0.018923,0.102468,0.040858
0.018546,0.017501,0.022415,0.015391,0.026032,0.009190,0.009994,0.027617,0.007203,0.014242,0.040906,0.021361,0.076622,0.089926,0.032757,0.016169,0.017612,0.041468,0.002555,0.096499,0.037488,0.022114,0.100316,0.024219,0.049155,0.018766,0.103125,0.040812
0.018703,0.017659,0.022571,0.015532,0.026163,0.009319,0.010123,0.027707,0.007312,0.014387,0.040963,0.021527,0.076327,0.089460,0.032859,0.016319,0.017759,0.041514,0.002618,0.095927,0.037562,0.022269,0.099681,0.024363,0.049145,0.018929,0.102444,0.040860
0.018702,0.017657,0.022569,0.015531,0.026162,0.009317,0.010121,0.027707,0.007311,0.014386,0.040963,0.021525,0.076330,0.089464,0.032858,0.016318,0.017758,0.041514,0.002617,0.095932,0.037562,0.022268,0.099687,0.024362,0.049145,0.018927,0.102450,0.040859
0.018695,0.017651,0.022563,0.015525,0.026157,0.009312,0.010116,0.027704,0.007306,0.014380,0.040961,0.021519,0.076340,0.089483,0.032854,0.016312,0.017752,0.041512,0.002615,0.095953,0.037559,0.022262,0.099713,0.024355,0.049146,0.018920,0.102477,0.040858
0.018702,0.017658,0.022570,0.015531,0.026163,0.009318,0.010122,0.027707,0.007311,0.014386,0.040963,0.021526,0.076328,0.089462,0.032858,0.016318,0.017759,0.041514,0.002617,0.095929,0.037562,0.022269,0.099684,0.024362,0.049145,0.018928,0.102447,0.040860
0.018697,0.017653,0.022565,0.015527,0.026158,0.009314,0.010118,0.027705,0.007308,0.014382,0.040962,0.021521,0.076338,0.089476,0.032855,0.016314,0.017754,0.041513,0.002615,0.095946,0.037560,0.022264,0.099705,0.024357,0.049145,0.018923,0.102469,0.040858
0.018673,0.017629,0.022542,0.015507,0.026139,0.009294,0.010099,0.027692,0.007292,0.014361,0.040953,0.021497,0.076379,0.089545,0.032840,0.016291,0.017733,0.041504,0.002606,0.096033,0.037548,0.022241,0.099797,0.024337,0.049149,0.018898,0.102570,0.040852
0.018703,0.017658,0.022571,0.015532,0.026163,0.009318,0.010122,0.027707,0.007312,0.014387,0.040963,0.021527,0.076327,0.089460,0.032859,0.016319,0.017759,0.041514,0.002618,0.095928,0.037562,0.022269,0.099682,0.024363,0.049145,0.018928,0.102445,0.040860
0.018505,0.017460,0.022379,0.015356,0.026001,0.009157,0.009960,0.027597,0.007175,0.014208,0.040897,0.021323,0.076688,0.090036,0.032737,0.016128,0.017578,0.041451,0.002540,0.096645,0.037460,0.022074,0.100475,0.024186,0.049158,0.018724,0.103299,0.040803
0.018663,0.017617,0.022531,0.015495,0.026128,0.009285,0.010089,0.027683,0.007284,0.014349,0.040948,0.021484,0.076404,0.089580,0.032832,0.016280,0.017721,0.041502,0.002601,0.096079,0.037544,0.022229,0.099845,0.024326,0.049148,0.018887,0.102619,0.040845
0.018696,0.017652,0.022564,0.015526,0.026158,0.009313,0.010117,0.027704,0.007307,0.014381,0.040961,0.021520,0.076338,0.089479,0.032855,0.016313,0.017753,0.041512,0.002615,0.095950,0.037559,0.022263,0.099707,0.024357,0.049146,0.018922,0.102472,0.040858
0.018679,0.017635,0.022548,0.015510,0.026143,0.009299,0.010102,0.027694,0.007295,0.014365,0.040955,0.021502,0.076372,0.089530,0.032844,0.016296,0.017737,0.041506,0.002608,0.096015,0.037549,0.022245,0.099777,0.024341,0.049146,0.018904,0.102548,0.040853
0.018703,0.017659,0.022571,0.015532,0.026163,0.009319,0.010123,0.027708,0.007312,0.014387,0.040963,0.021527,0.076327,0.089459,0.032859,0.016319,0.017760,0.041514,0.002618,0.095927,0.037563,0.022270,0.099680,0.024363,0.049145,0.018929,0.102444,0.040860
0.018703,0.017659,0.022571,0.015532,0.026163,0.009319,0.010123,0.027708,0.007312,0.014387,0.040963,0.021527,0.076327,0.089459,0.032859,0.016319,0.017760,0.041514,0.002618,0.095927,0.037563,0.022270,0.099680,0.024363,0.049145,0.018929,0.102444,0.040860
0.018703,0.017659,0.022571,0.015532,0.026163,0.009319,0.010123,0.027708,0.007312,0.014387,0.040963,0.021527,0.076327,0.089459,0.032859,0.016319,0.017760,0.041514,0.002618,0.095927,0.037563,0.022270,0.099680,0.024363,0.049145,0.018929,0.102444,0.040860
0.018690,0.017646,0.022558,0.015520,0.026153,0.009308,0.010112,0.027701,0.007303,0.014375,0.040959,0.021514,0.076350,0.089497,0.032851,0.016307,0.017748,0.041510,0.002613,0.095973,0.037556,0.022257,0.099733,0.024351,0.049146,0.018915,0.102500,0.040857
0.018699,0.017654,0.022567,0.015528,0.026160,0.009315,0.010119,0.027705,0.007309,0.014383,0.040962,0.021523,0.076334,0.089472,0.032856,0.016315,0.017756,0.041513,0.002616,0.095942,0.037560,0.022265,0.099697,0.024359,0.049145,0.018924,0.102462,0.040859
0.018661,0.017617,0.022529,0.015495,0.026128,0.009285,0.010089,0.027682,0.007283,0.014348,0.040946,0.021483,0.076406,0.089584,0.032830,0.016279,0.017721,0.041501,0.002601,0.096081,0.037544,0.022228,0.099845,0.024326,0.049148,0.018886,0.102625,0.040847
0.018694,0.017649,0.022562,0.015524,0.026156,0.009311,0.010115,0.027703,0.007306,0.014379,0.040961,0.021518,0.076342,0.089485,0.032854,0.016310,0.017751,0.041511,0.002614,0.095958,0.037558,0.022261,0.099717,0.024355,0.049146,0.018919,0.102481,0.040858
0.018589,0.017545,0.022457,0.015429,0.026067,0.009225,0.010029,0.027638,0.007232,0.014280,0.040919,0.021406,0.076546,0.089802,0.032782,0.016210,0.017651,0.041482,0.002572,0.096347,0.037511,0.022155,0.100141,0.024258,0.049151,0.018811,0.102940,0.040823
0.018690,0.017646,0.022558,0.015521,0.026153,0.009308,0.010112,0.027700,0.007303,0.014375,0.040958,0.021514,0.076351,0.089497,0.032850,0.016307,0.017748,0.041510,0.002613,0.095973,0.037557,0.022257,0.099732,0.024351,0.049146,0.018916,0.102499,0.040856
0.018595,0.017550,0.022465,0.015438,0.026073,0.009231,0.010036,0.027646,0.007238,0.014288,0.040922,0.021414,0.076524,0.089777,0.032787,0.016216,0.017660,0.041481,0.002575,0.096323,0.037513,0.022163,0.100108,0.024266,0.049159,0.018818,0.102907,0.040828
0.018703,0.017659,0.022571,0.015532,0.026163,0.009319,0.010123,0.027708,0.007312,0.014387,0.040963,0.021527,0.076327,0.089459,0.032859,0.016319,0.017760,0.041514,0.002618,0.095927,0.037563,0.022270,0.099680,0.024363,0.049145,0.018929,0.102444,0.040860
0.018702,0.017658,0.022570,0.015531,0.026162,0.009318,0.010122,0.027707,0.007311,0.014386,0.040963,0.021526,0.076329,0.089462,0.032858,0.016318,0.017759,0.041514,0.002617,0.095930,0.037562,0.022269,0.099684,0.024362,0.049145,0.018928,0.102448,0.040860
0.018644,0.017599,0.022514,0.015480,0.026115,0.009270,0.010074,0.027675,0.007271,0.014334,0.040944,0.021466,0.076435,0.089631,0.032823,0.016262,0.017706,0.041495,0.002594,0.096142,0.037532,0.022211,0.099917,0.024311,0.049149,0.018868,0.102699,0.040843
0.018632,0.017587,0.022500,0.015468,0.026103,0.009260,0.010065,0.027665,0.007263,0.014321,0.040936,0.021452,0.076461,0.089673,0.032811,0.016251,0.017692,0.041494,0.002589,0.096188,0.037531,0.022198,0.099966,0.024297,0.049151,0.018856,0.102751,0.040837
0.018577,0.017534,0.022441,0.015419,0.026055,0.009216,0.010018,0.027630,0.007223,0.014267,0.040913,0.021393,0.076575,0.089833,0.032773,0.016199,0.017643,0.041477,0.002567,0.096393,0.037506,0.022146,0.100193,0.024252,0.049144,0.018797,0.102998,0.040818
0.018703,0.017659,0.022571,0.015532,0.026163,0.009319,0.010123,0.027708,0.007312,0.014387,0.040963,0.021527,0.076327,0.089459,0.032859,0.016319,0.017760,0.041514,0.002618,0.095927,0.037563,0.022270,0.099680,0.024363,0.049145,0.018929,0.102444,0.040860
0.018703,0.017659,0.022571,0.015532,0.026163,0.009319,0.010123,0.027708,0.007312,0.014387,0.040963,0.021527,0.076327,0.089459,0.032859,0.016319,0.017760,0.041514,0.002618,0.095927,0.037563,0.022270,0.099680,0.024363,0.049145,0.018929,0.102444,0.040860
0.018703,0.017659,0.022571,0.015532,0.026163,0.009319,0.010123,0.027708,0.007312,0.014387,0.040963,0.021527,0.076327,0.089459,0.032859,0.016319,0.017760,0.041514,0.002618,0.095927,0.037563,0.022270,0.099680,0.024363,0.049145,0.018929,0.102444,0.040860
0.018694,0.017650,0.022563,0.015524,0.026156,0.009311,0.010116,0.027703,0.007306,0.014379,0.040961,0.021518,0.076341,0.089484,0.032854,0.016311,0.017752,0.041511,0.002614,0.095958,0.037558,0.022261,0.099716,0.024355,0.049146,0.018920,0.102481,0.040858
0.018703,0.017659,0.022571,0.015532,0.026163,0.009319,0.010123,0.027708,0.007312,0.014387,0.040963,0.021527,0.076327,0.089459,0.032859,0.016319,0.017760,0.041514,0.002618,0.095927,0.037563,0.022270,0.099680,0.024363,0.049145,0.018929,0.102444,0.040860
0.018459,0.017416,0.022337,0.015314,0.025967,0.009119,0.009922,0.027571,0.007143,0.014169,0.040886,0.021276,0.076772,0.090175,0.032714,0.016085,0.017535,0.041438,0.002523,0.096796,0.037431,0.022026,0.100660,0.024140,0.049155,0.018678,0.103499,0.040794
0.018481,0.017436,0.022350,0.015329,0.025976,0.009136,0.009938,0.027575,0.007156,0.014180,0.040884,0.021293,0.076753,0.090122,0.032717,0.016105,0.017550,0.041448,0.002529,0.096742,0.037452,0.022047,0.100589,0.024159,0.049149,0.018697,0.103417,0.040788
0.018691,0.017646,0.022559,0.015521,0.026153,0.009309,0.010113,0.027701,0.007304,0.014376,0.040959,0.021514,0.076349,0.089495,0.032851,0.016308,0.017748,0.041511,0.002613,0.095971,0.037557,0.022258,0.099730,0.024352,0.049146,0.018916,0.102496,0.040856
0.018697,0.017653,0.022565,0.015527,0.026158,0.009314,0.010118,0.027705,0.007308,0.014382,0.040962,0.021521,0.076338,0.089476,0.032855,0.016314,0.017754,0.041513,0.002615,0.095946,0.037560,0.022264,0.099705,0.024357,0.049145,0.018923,0.102469,0.040858
0.018689,0.017645,0.022557,0.015520,0.026152,0.009307,0.010111,0.027700,0.007302,0.014375,0.040958,0.021513,0.076353,0.089500,0.032850,0.016306,0.017747,0.041510,0.002612,0.095975,0.037556,0.022256,0.099735,0.024351,0.049145,0.018915,0.102503,0.040856
0.018703,0.017659,0.022571,0.015532,0.026163,0.009319,0.010123,0.027708,0.007312,0.014387,0.040963,0.021527,0.076327,0.089459,0.032859,0.016319,0.017760,0.041514,0.002618,0.095927,0.037563,0.022270,0.099680,0.024363,0.049145,0.018929,0.102444,0.040860
0.018692,0.017648,0.022561,0.015522,0.026154,0.009310,0.010114,0.027701,0.007304,0.014377,0.040959,0.021516,0.076347,0.089492,0.032852,0.016309,0.017750,0.041510,0.002613,0.095967,0.037556,0.022258,0.099723,0.024353,0.049145,0.018918,0.102491,0.040857
0.018660,0.017616,0.022531,0.015494,0.026130,0.009284,0.010088,0.027684,0.007283,0.014350,0.040950,0.021483,0.076403,0.089585,0.032834,0.016278,0.017720,0.041501,0.002601,0.096076,0.037540,0.022227,0.099850,0.024323,0.049148,0.018885,0.102627,0.040850
0.018703,0.017659,0.022571,0.015532,0.026163,0.009319,0.010123,0.027708,0.007312,0.014387,0.040963,0.021527,0.076327,0.089459,0.032859,0.016319,0.017760,0.041514,0.002618,0.095927,0.037563,0.022270,0.099680,0.024363,0.049145,0.018929,0.102444,0.040860
0.018471,0.017427,0.022346,0.015327,0.025974,0.009129,0.009933,0.027580,0.007152,0.014179,0.040888,0.021289,0.076747,0.090132,0.032718,0.016096,0.017548,0.041441,0.002527,0.096759,0.037442,0.022041,0.100611,0.024155,0.049159,0.018689,0.103443,0.040795
0.018703,0.017659,0.022571,0.015532,0.026163,0.009319,0.010123,0.027708,0.007312,0.014387,0.040963,0.021527,0.076327,0.089459,0.032859,0.016319,0.017760,0.041514,0.002618,0.095927,0.037563,0.022270,0.099680,0.024363,0.049145,0.018929,0.102444,0.040860
0.018703,0.017659,0.022571,0.015532,0.026163,0.009319,0.010123,0.027708,0.007312,0.014387,0.040963,0.021527,0.076327,0.089459,0.032859,0.016319,0.017760,0.041514,0.002618,0.095927,0.037563,0.022270,0.099681,0.024363,0.049145,0.018929,0.102444,0.040860
0.018703,0.017659,0.022571,0.015532,0.026163,0.009319,0.010123,0.027708,0.007312,0.014387,0.040963,0.021527,0.076327,0.089459,0.032859,0.016319,0.017760,0.041514,0.002618,0.095927,0.037563,0.022270,0.099680,0.024363,0.049145,0.018929,0.102444,0.040860
0.018679,0.017635,0.022548,0.015510,0.026143,0.009299,0.010102,0.027694,0.007295,0.014365,0.040955,0.021502,0.076372,0.089530,0.032844,0.016296,0.017737,0.041506,0.002608,0.096015,0.037549,0.022245,0.099777,0.024341,0.049146,0.018904,0.102548,0.040853
0.018702,0.017658,0.022570,0.015531,0.026162,0.009318,0.010122,0.027707,0.007311,0.014386,0.040963,0.021526,0.076328,0.089462,0.032858,0.016318,0.017759,0.041514,0.002617,0.095930,0.037562,0.022269,0.099684,0.024362,0.049145,0.018928,0.102448,0.040860
0.018697,0.017653,0.022565,0.015527,0.026158,0.009314,0.010118,0.027705,0.007308,0.014382,0.040962,0.021521,0.076338,0.089476,0.032855,0.016314,0.017754,0.041513,0.002615,0.095946,0.037560,0.022264,0.099705,0.024357,0.049145,0.018923,0.102469,0.040858
0.018703,0.017659,0.022571,0.015532,0.026163,0.009319,0.010123,0.027708,0.007312,0.014387,0.040963,0.021527,0.076327,0.089459,0.032859,0.016319,0.017760,0.041514,0.002618,0.095927,0.037563,0.022270,0.099680,0.024363,0.049145,0.018929,0.102444,0.040860
0.018674,0.017629,0.022543,0.015506,0.026139,0.009295,0.010099,0.027690,0.007292,0.014361,0.040952,0.021497,0.076381,0.089547,0.032840,0.016291,0.017732,0.041504,0.002606,0.096037,0.037547,0.022240,0.099795,0.024336,0.049148,0.018899,0.102570,0.040851
0.018696,0.017652,0.022564,0.015526,0.026157,0.009313,0.010117,0.027703,0.007307,0.014381,0.040960,0.021520,0.076340,0.089480,0.032854,0.016312,0.017753,0.041512,0.002615,0.095953,0.037559,0.022263,0.099708,0.024357,0.049145,0.018922,0.102474,0.040858
0.018702,0.017658,0.022570,0.015531,0.026162,0.009318,0.010122,0.027707,0.007311,0.014386,0.040963,0.021526,0.076328,0.089462,0.032858,0.016318,0.017759,0.041514,0.002617,0.095930,0.037562,0.022269,0.099684,0.024362,0.049145,0.018928,0.102448,0.040860
0.018667,0.017623,0.022536,0.015501,0.026134,0.009290,0.010095,0.027687,0.007288,0.014355,0.040949,0.021490,0.076392,0.089564,0.032835,0.016286,0.017727,0.041504,0.002604,0.096055,0.037547,0.022235,0.099820,0.024331,0.049149,0.018893,0.102595,0.040850
0.018703,0.017659,0.022571,0.015532,0.026163,0.009319,0.010123,0.027707,0.007312,0.014387,0.040963,0.021527,0.076327,0.089460,0.032859,0.016319,0.017759,0.041514,0.002618,0.095927,0.037562,0.022270,0.099681,0.024363,0.049145,0.018929,0.102444,0.040860
0.018658,0.017614,0.022529,0.015492,0.026128,0.009282,0.010086,0.027683,0.007281,0.014348,0.040949,0.021481,0.076407,0.089591,0.032833,0.016276,0.017718,0.041501,0.002600,0.096084,0.037539,0.022225,0.099858,0.024321,0.049148,0.018883,0.102635,0.040849
0.018703,0.017659,0.022571,0.015532,0.026163,0.009319,0.010123,0.027708,0.007312,0.014387,0.040963,0.021527,0.076327,0.089459,0.032859,0.016319,0.017760,0.041514,0.002618,0.095927,0.037563,0.022270,0.099680,0.024363,0.049145,0.018929,0.102444,0.040860
0.018703,0.017659,0.022571,0.015532,0.026163,0.009319,0.010123,0.027708,0.007312,0.014387,0.040963,0.021527,0.076327,0.089459,0.032859,0.016319,0.017760,0.041514,0.002618,0.095927,0.037563,0.022270,0.099680,0.024363,0.049145,0.018929,0.102444,0.040860
0.018682,0.017637,0.022550,0.015514,0.026146,0.009301,0.010106,0.027697,0.007298,0.014368,0.040956,0.021505,0.076364,0.089520,0.032846,0.016299,0.017741,0.041507,0.002609,0.096002,0.037553,0.022249,0.099765,0.024344,0.049147,0.018907,0.102533,0.040854
0.018703,0.017659,0.022571,0.015532,0.026163,0.009319,0.010123,0.027708,0.007312,0.014387,0.040963,0.021527,0.076327,0.089459,0.032859,0.016319,0.017760,0.041514,0.002618,0.095927,0.037563,0.022270,0.099680,0.024363,0.049145,0.018929,0.102444,0.040860
0.018378,0.017334,0.022254,0.015241,0.025895,0.009054,0.009857,0.027516,0.007087,0.014090,0.040847,0.021188,0.076933,0.090426,0.032652,0.016008,0.017456,0.041415,0.002490,0.097110,0.037399,0.021943,0.100988,0.024064,0.049161,0.018595,0.103856,0.040762
0.018703,0.017659,0.022571,0.015532,0.026163,0.009319,0.010123,0.027708,0.007312,0.014387,0.040963,0.021527,0.076327,0.089459,0.032859,0.016319,0.017760,0.041514,0.002618,0.095927,0.037563,0.022270,0.099680,0.024363,0.049145,0.018929,0.102444,0.040860
0.018703,0.017659,0.022571,0.015532,0.026163,0.009319,0.010123,0.027708,0.007312,0.014387,0.040963,0.021527,0.076327,0.089459,0.032859,0.016319,0.017760,0.041514,0.002618,0.095927,0.037563,0.022270,0.099680,0.024363,0.049145,0.018929,0.102444,0.040860
0.018696,0.017651,0.022563,0.015525,0.026157,0.009313,0.010117,0.027703,0.007307,0.014380,0.040960,0.021519,0.076341,0.089482,0.032854,0.016312,0.017753,0.041512,0.002615,0.095954,0.037559,0.022262,0.099711,0.024356,0.049145,0.018921,0.102476,0.040857
0.018703,0.017658,0.022571,0.015532,0.026163,0.009318,0.010122,0.027707,0.007312,0.014387,0.040963,0.021527,0.076327,0.089461,0.032859,0.016319,0.017759,0.041514,0.002618,0.095928,0.037562,0.022269,0.099682,0.024362,0.049145,0.018928,0.102445,0.040860
0.018703,0.017659,0.022571,0.015532,0.026163,0.009319,0.010123,0.027708,0.007312,0.014387,0.040963,0.021527,0.076327,0.089459,0.032859,0.016319,0.017760,0.041514,0.002618,0.095927,0.037563,0.022270,0.099680,0.024363,0.049145,0.018929,0.102444,0.040860
0.018702,0.017658,0.022570,0.015531,0.026162,0.009318,0.010122,0.027707,0.007311,0.014386,0.040963,0.021526,0.076329,0.089462,0.032858,0.016318,0.017759,0.041514,0.002617,0.095930,0.037562,0.022269,0.099684,0.024362,0.049145,0.018928,0.102448,0.040860
0.018687,0.017643,0.022556,0.015518,0.026151,0.009306,0.010110,0.027699,0.007301,0.014373,0.040958,0.021511,0.076355,0.089505,0.032849,0.016304,0.017745,0.041510,0.002612,0.095981,0.037555,0.022254,0.099743,0.024348,0.049146,0.018913,0.102510,0.040856
0.018672,0.017628,0.022542,0.015505,0.026139,0.009293,0.010097,0.027691,0.007291,0.014360,0.040954,0.021496,0.076382,0.089549,0.032841,0.016289,0.017732,0.041504,0.002606,0.096037,0.037546,0.022239,0.099803,0.024335,0.049147,0.018897,0.102576,0.040852
0.018703,0.017659,0.022571,0.015532,0.026163,0.009319,0.010123,0.027708,0.007312,0.014387,0.040963,0.021527,0.076327,0.089459,0.032859,0.016319,0.017760,0.041514,0.002618,0.095927,0.037563,0.022270,0.099680,0.024363,0.049145,0.018929,0.102444,0.040860
0.018703,0.017659,0.022571,0.015532,0.026163,0.009319,0.010123,0.027708,0.007312,0.014387,0.040963,0.021527,0.076327,0.089459,0.032859,0.016319,0.017760,0.041514,0.002618,0.095927,0.037563,0.022270,0.099680,0.024363,0.049145,0.018929,0.102444,0.040860
0.018642,0.017598,0.022512,0.015478,0.026114,0.009269,0.010072,0.027672,0.007269,0.014332,0.040943,0.021464,0.076440,0.089639,0.032822,0.016260,0.017703,0.041495,0.002594,0.096147,0.037530,0.022208,0.099923,0.024308,0.049148,0.018866,0.102708,0.040843
0.018697,0.017653,0.022565,0.015527,0.026158,0.009314,0.010118,0.027705,0.007308,0.014382,0.040962,0.021521,0.076338,0.089476,0.032855,0.016314,0.017754,0.041513,0.002615,0.095946,0.037560,0.022264,0.099705,0.024357,0.049145,0.018923,0.102469,0.040858
0.018630,0.017585,0.022501,0.015467,0.026104,0.009259,0.010063,0.027666,0.007262,0.014322,0.040939,0.021453,0.076460,0.089673,0.032814,0.016248,0.017693,0.041490,0.002589,0.096194,0.037523,0.022196,0.099969,0.024298,0.049151,0.018854,0.102759,0.040840
0.018703,0.017659,0.022571,0.015532,0.026163,0.009319,0.010123,0.027708,0.007312,0.014387,0.040963,0.021527,0.076327,0.089459,0.032859,0.016319,0.017760,0.041514,0.002618,0.095927,0.037563,0.022270,0.099680,0.024363,0.049145,0.018929,0.102444,0.040860
0.018665,0.017621,0.022535,0.015499,0.026133,0.009288,0.010092,0.027687,0.007286,0.014354,0.040952,0.021488,0.076395,0.089570,0.032837,0.016283,0.017725,0.041502,0.002603,0.096059,0.037542,0.022232,0.099830,0.024328,0.049147,0.018890,0.102606,0.040851
0.018703,0.017659,0.022571,0.015532,0.026163,0.009319,0.010123,0.027708,0.007312,0.014387,0.040963,0.021527,0.076327,0.089459,0.032859,0.016319,0.017760,0.041514,0.002618,0.095927,0.037563,0.022270,0.099680,0.024363,0.049145,0.018929,0.102444,0.040860
0.018679,0.017634,0.022547,0.015510,0.026143,0.009299,0.010103,0.027694,0.007295,0.014365,0.040955,0.021502,0.076371,0.089531,0.032844,0.016296,0.017737,0.041506,0.002608,0.096014,0.037550,0.022245,0.099778,0.024341,0.049146,0.018904,0.102549,0.040853
0.018684,0.017640,0.022552,0.015515,0.026147,0.009303,0.010107,0.027696,0.007299,0.014369,0.040956,0.021507,0.076364,0.089517,0.032846,0.016301,0.017741,0.041508,0.002610,0.095998,0.037553,0.022250,0.099758,0.024346,0.049145,0.018909,0.102527,0.040853
0.018125,0.017078,0.022015,0.015021,0.025690,0.008851,0.009654,0.027374,0.006918,0.013869,0.040760,0.020932,0.077372,0.091161,0.032498,0.015763,0.017227,0.041320,0.002397,0.098040,0.037250,0.021688,0.101994,0.023836,0.049186,0.018336,0.104955,0.040692
0.018698,0.017654,0.022567,0.015528,0.026160,0.009315,0.010119,0.027705,0.007309,0.014383,0.040962,0.021522,0.076334,0.089472,0.032856,0.016315,0.017755,0.041513,0.002616,0.095942,0.037560,0.022265,0.099699,0.024359,0.049146,0.018924,0.102463,0.040859
0.018487,0.017446,0.022354,0.015335,0.025980,0.009142,0.009941,0.027572,0.007159,0.014184,0.040883,0.021299,0.076753,0.090109,0.032719,0.016111,0.017556,0.041448,0.002531,0.096727,0.037452,0.022051,0.100560,0.024167,0.049138,0.018704,0.103402,0.040790
0.018659,0.017615,0.022529,0.015493,0.026129,0.009282,0.010086,0.027683,0.007281,0.014348,0.040950,0.021482,0.076406,0.089589,0.032833,0.016277,0.017719,0.041501,0.002600,0.096081,0.037539,0.022225,0.099856,0.024322,0.049148,0.018884,0.102633,0.040849
0.018696,0.017652,0.022564,0.015526,0.026158,0.009313,0.010117,0.027704,0.007307,0.014381,0.040961,0.021520,0.076339,0.089479,0.032854,0.016312,0.017753,0.041512,0.002615,0.095952,0.037559,0.022263,0.099708,0.024357,0.049146,0.018922,0.102473,0.040858
0.018694,0.017649,0.022562,0.015524,0.026156,0.009311,0.010115,0.027703,0.007306,0.014379,0.040961,0.021518,0.076342,0.089485,0.032854,0.016310,0.017751,0.041511,0.002614,0.095958,0.037558,0.022261,0.099717,0.024355,0.049146,0.018919,0.102482,0.040858
0.018693,0.017649,0.022562,0.015523,0.026156,0.009311,0.010115,0.027703,0.007305,0.014379,0.040960,0.021517,0.076343,0.089487,0.032853,0.016310,0.017751,0.041511,0.002614,0.095960,0.037558,0.022260,0.099719,0.024354,0.049147,0.018919,0.102484,0.040857
0.018699,0.017655,0.022567,0.015528,0.026160,0.009315,0.010119,0.027705,0.007309,0.014384,0.040962,0.021523,0.076334,0.089471,0.032856,0.016315,0.017756,0.041513,0.002616,0.095941,0.037561,0.022266,0.099697,0.024359,0.049145,0.018925,0.102461,0.040859
0.018702,0.017658,0.022570,0.015531,0.026162,0.009318,0.010122,0.027707,0.007311,0.014386,0.040963,0.021526,0.076329,0.089463,0.032858,0.016318,0.017758,0.041514,0.002617,0.095931,0.037562,0.022268,0.099685,0.024362,0.049145,0.018928,0.102449,0.040859
0.018694,0.017650,0.022563,0.015524,0.026156,0.009311,0.010116,0.027703,0.007306,0.014379,0.040961,0.021518,0.076341,0.089484,0.032854,0.016311,0.017752,0.041511,0.002614,0.095958,0.037558,0.022261,0.099716,0.024355,0.049146,0.018920,0.102481,0.040858
0.018657,0.017613,0.022528,0.015491,0.026127,0.009281,0.010085,0.027683,0.007281,0.014347,0.040949,0.021480,0.076408,0.089593,0.032832,0.016276,0.017718,0.041500,0.002600,0.096087,0.037538,0.022224,0.099861,0.024321,0.049149,0.018882,0.102639,0.040849
0.018702,0.017658,0.022570,0.015531,0.026162,0.009318,0.010122,0.027707,0.007311,0.014386,0.040963,0.021526,0.076329,0.089463,0.032858,0.016318,0.017758,0.041514,0.002617,0.095931,0.037562,0.022268,0.099685,0.024362,0.049145,0.018928,0.102449,0.040859
0.018700,0.017655,0.022568,0.015529,0.026161,0.009316,0.010120,0.027706,0.007310,0.014384,0.040962,0.021524,0.076332,0.089469,0.032857,0.016316,0.017757,0.041513,0.002616,0.095938,0.037561,0.022266,0.099694,0.024360,0.049145,0.018925,0.102457,0.040859
0.018703,0.017659,0.022571,0.015532,0.026163,0.009319,0.010123,0.027708,0.007312,0.014387,0.040963,0.021527,0.076327,0.089459,0.032859,0.016319,0.017760,0.041514,0.002618,0.095927,0.037563,0.022270,0.099680,0.024363,0.049145,0.018929,0.102444,0.040860
0.018696,0.017652,0.022564,0.015526,0.026158,0.009313,0.010117,0.027704,0.007307,0.014381,0.040961,0.021520,0.076338,0.089479,0.032855,0.016313,0.017753,0.041512,0.002615,0.095950,0.037559,0.022263,0.099707,0.024357,0.049146,0.018922,0.102472,0.040858
0.018694,0.017649,0.022562,0.015524,0.026156,0.009311,0.010115,0.027703,0.007306,0.014379,0.040961,0.021518,0.076342,0.089485,0.032854,0.016310,0.017751,0.041511,0.002614,0.095958,0.037558,0.022261,0.099717,0.024355,0.049146,0.018919,0.102481,0.040858
0.018687,0.017642,0.022555,0.015518,0.026150,0.009305,0.010110,0.027699,0.007301,0.014373,0.040957,0.021510,0.076355,0.089506,0.032848,0.016304,0.017745,0.041509,0.002611,0.095984,0.037555,0.022254,0.099744,0.024349,0.049147,0.018912,0.102512,0.040856
0.018627,0.017583,0.022495,0.015463,0.026099,0.009256,0.010060,0.027662,0.007259,0.014316,0.040935,0.021447,0.076472,0.089687,0.032809,0.016247,0.017688,0.041492,0.002587,0.096206,0.037528,0.022194,0.099988,0.024293,0.049149,0.018850,0.102774,0.040836
0.018692,0.017647,0.022560,0.015521,0.026154,0.009309,0.010113,0.027700,0.007304,0.014376,0.040959,0.021515,0.076349,0.089494,0.032851,0.016308,0.017748,0.041511,0.002613,0.095969,0.037557,0.022258,0.099727,0.024352,0.049145,0.018917,0.102494,0.040856
0.018688,0.017644,0.022557,0.015519,0.026151,0.009307,0.010111,0.027699,0.007302,0.014374,0.040958,0.021512,0.076355,0.089503,0.032850,0.016305,0.017746,0.041510,0.002612,0.095979,0.037555,0.022255,0.099739,0.024350,0.049145,0.018914,0.102507,0.040856
0.018679,0.017635,0.022548,0.015510,0.026143,0.009299,0.010102,0.027694,0.007295,0.014365,0.040955,0.021502,0.076372,0.089530,0.032844,0.016296,0.017737,0.041506,0.002608,0.096015,0.037549,0.022245,0.099777,0.024341,0.049146,0.018904,0.102548,0.040853
0.018685,0.017640,0.022554,0.015516,0.026149,0.009304,0.010108,0.027699,0.007300,0.014371,0.040957,0.021509,0.076357,0.089511,0.032848,0.016302,0.017743,0.041508,0.002611,0.095990,0.037554,0.022252,0.099751,0.024347,0.049148,0.018910,0.102519,0.040855
0.018649,0.017604,0.022519,0.015484,0.026120,0.009274,0.010078,0.027678,0.007275,0.014339,0.040946,0.021472,0.076423,0.089616,0.032827,0.016267,0.017710,0.041497,0.002597,0.096120,0.037534,0.022216,0.099895,0.024314,0.049150,0.018873,0.102676,0.040846
0.018378,0.017334,0.022254,0.015241,0.025895,0.009054,0.009857,0.027516,0.007087,0.014090,0.040847,0.021188,0.076933,0.090426,0.032652,0.016008,0.017456,0.041415,0.002490,0.097110,0.037399,0.021943,0.100988,0.024064,0.049161,0.018595,0.103856,0.040762
0.018650,0.017604,0.022519,0.015485,0.026119,0.009275,0.010080,0.027679,0.007276,0.014339,0.040944,0.021471,0.076422,0.089614,0.032825,0.016268,0.017710,0.041498,0.002597,0.096120,0.037539,0.022218,0.099894,0.024315,0.049152,0.018874,0.102670,0.040844
0.018694,0.017649,0.022562,0.015524,0.026156,0.009311,0.010115,0.027703,0.007306,0.014379,0.040961,0.021518,0.076342,0.089485,0.032854,0.016310,0.017751,0.041511,0.002614,0.095958,0.037558,0.022261,0.099717,0.024355,0.049146,0.018919,0.102481,0.040858
0.018703,0.017659,0.022571,0.015532,0.026163,0.009319,0.010123,0.027708,0.007312,0.014387,0.040963,0.021527,0.076327,0.089459,0.032859,0.016319,0.017760,0.041514,0.002618,0.095927,0.037563,0.022270,0.099680,0.024363,0.049145,0.018929,0.102444,0.040860
0.018685,0.017640,0.022554,0.015516,0.026149,0.009304,0.010108,0.027699,0.007300,0.014371,0.040957,0.021509,0.076357,0.089511,0.032848,0.016302,0.017743,0.041508,0.002611,0.095990,0.037554,0.022252,0.099751,0.024347,0.049148,0.018910,0.102519,0.040855
0.018612,0.017566,0.022482,0.015452,0.026088,0.009244,0.010049,0.027659,0.007250,0.014305,0.040932,0.021433,0.076489,0.089723,0.032801,0.016232,0.017676,0.041486,0.002582,0.096257,0.037519,0.022181,0.100044,0.024282,0.049157,0.018835,0.102833,0.040834
0.018692,0.017647,0.022560,0.015522,0.026154,0.009309,0.010114,0.027701,0.007304,0.014377,0.040959,0.021515,0.076347,0.089493,0.032852,0.016308,0.017749,0.041510,0.002613,0.095968,0.037557,0.022258,0.099725,0.024353,0.049147,0.018917,0.102492,0.040857
0.018703,0.017659,0.022571,0.015532,0.026163,0.009319,0.010123,0.027708,0.007312,0.014387,0.040963,0.021527,0.076327,0.089459,0.032859,0.016319,0.017760,0.041514,0.002618,0.095927,0.037563,0.022270,0.099680,0.024363,0.049145,0.018929,0.102444,0.040860
0.018645,0.017600,0.022514,0.015482,0.026116,0.009271,0.010077,0.027675,0.007272,0.014334,0.040941,0.021467,0.076431,0.089630,0.032820,0.016264,0.017706,0.041497,0.002595,0.096137,0.037536,0.022212,0.099909,0.024310,0.049153,0.018870,0.102691,0.040844
0.018441,0.017397,0.022317,0.015297,0.025949,0.009105,0.009907,0.027556,0.007130,0.014150,0.040874,0.021256,0.076812,0.090235,0.032697,0.016068,0.017516,0.041433,0.002515,0.096874,0.037426,0.022006,0.100733,0.024123,0.049157,0.018659,0.103582,0.040785
0.018632,0.017588,0.022503,0.015473,0.026107,0.009262,0.010067,0.027668,0.007264,0.014325,0.040937,0.021455,0.076450,0.089664,0.032813,0.016252,0.017697,0.041490,0.002590,0.096182,0.037528,0.022200,0.099952,0.024301,0.049156,0.018858,0.102743,0.040842
0.018378,0.017334,0.022254,0.015241,0.025895,0.009054,0.009857,0.027516,0.007087,0.014090,0.040847,0.021188,0.076933,0.090426,0.032652,0.016008,0.017456,0.041415,0.002490,0.097110,0.037399,0.021943,0.100988,0.024064,0.049161,0.018595,0.103856,0.040762
0.018702,0.017658,0.022570,0.015531,0.026162,0.009318,0.010122,0.027707,0.007311,0.014386,0.040963,0.021526,0.076328,0.089462,0.032858,0.016318,0.017759,0.041514,0.002617,0.095930,0.037562,0.022269,0.099684,0.024362,0.049145,0.018928,0.102447,0.040859
0.018702,0.017658,0.022570,0.015531,0.026162,0.009318,0.010122,0.027707,0.007311,0.014386,0.040963,0.021526,0.076328,0.089462,0.032858,0.016318,0.017759,0.041514,0.002617,0.095930,0.037562,0.022269,0.099685,0.024362,0.049145,0.018928,0.102448,0.040859
0.018696,0.017652,0.022564,0.015526,0.026158,0.009313,0.010117,0.027704,0.007307,0.014381,0.040961,0.021520,0.076340,0.089480,0.032854,0.016313,0.017753,0.041512,0.002615,0.095950,0.037560,0.022263,0.099708,0.024356,0.049145,0.018922,0.102473,0.040858
0.018703,0.017659,0.022571,0.015532,0.026163,0.009318,0.010122,0.027707,0.007312,0.014387,0.040963,0.021527,0.076327,0.089460,0.032859,0.016319,0.017759,0.041514,0.002618,0.095927,0.037562,0.022269,0.099681,0.024363,0.049145,0.018929,0.102444,0.040860
0.018692,0.017648,0.022561,0.015523,0.026155,0.009310,0.010114,0.027702,0.007305,0.014378,0.040960,0.021516,0.076345,0.089490,0.032852,0.016309,0.017750,0.041511,0.002614,0.095963,0.037558,0.022260,0.099723,0.024353,0.049146,0.018918,0.102488,0.040857
0.018650,0.017604,0.022519,0.015485,0.026119,0.009275,0.010080,0.027680,0.007276,0.014339,0.040946,0.021472,0.076420,0.089612,0.032826,0.016268,0.017711,0.041497,0.002597,0.096120,0.037536,0.022218,0.099894,0.024315,0.049153,0.018873,0.102670,0.040845
